Name,hs,dhw,hs_and_dhw,cs,el
B1839,50.197,3.274,53.471000000000004,0.0,7.926
B1852,12.174,1.583,13.757,0.0,2.514
B2925,48.93,5.97,54.9,0.0,10.533
B1851,17.564,1.077,18.641,0.0,2.538
B1838,23.042,2.293,25.335,0.0,3.303
B1853,21.903,2.553,24.456,0.0,3.81
B1850,17.436,1.071,18.507,0.0,2.506
B1862,20.726,1.265,21.991,0.0,3.205
B1849,25.39,1.528,26.918,0.0,4.206
B2943,24.5,1.552,26.052,0.0,4.055
B1984,317.115,15.995,333.11,0.0,48.06
B1989,126.134,20.998,147.132,0.0,20.858
B1861,14.887,0.999,15.886000000000001,0.0,2.008
B1987,21.948,1.293,23.241,0.0,3.468
B1985,0.0,0.0,0.0,0.0,1.046
B1988,23.188,2.463,25.651,0.0,3.785
B1860,24.329,2.469,26.798000000000002,0.0,3.625
B1982,27.355,1.555,28.91,0.0,4.583
B1979,23.178,2.676,25.854,0.0,4.928
B1848,76.199,8.255,84.454,0.0,14.885
B2923,76.304,8.255,84.559,0.0,14.883
B2924,0.0,18.974,18.974,0.0,3.447
B2921,64.929,6.964,71.893,0.0,12.616
B2922,48.95,5.97,54.92,0.0,10.515
B3000,15.344,1.2,16.544,0.0,2.501
B2919,64.921,6.965,71.88600000000001,0.0,12.622
B1843,16.48,1.229,17.709,0.0,2.937
B2920,48.938,5.97,54.908,0.0,10.513
B1840,19.903,1.303,21.206,0.0,3.471
B1837,31.506,1.799,33.305,0.0,5.666
B1845,23.727,1.544,25.271,0.0,4.363
B1847,20.483,1.278,21.761,0.0,3.074
B1846,22.166,1.331,23.497,0.0,3.231
B1836,27.096,3.018,30.114,0.0,4.687
B2946,13.628,1.03,14.658,0.0,2.24
B1842,12.209,0.976,13.184999999999999,0.0,1.964
B1844,28.35,1.581,29.931,0.0,4.902
B2947,13.374,1.023,14.397,0.0,2.135
B2926,15.963,1.184,17.147,0.0,2.654
B2966,19.001,1.316,20.317,0.0,3.468
B2962,19.492,1.339,20.831,0.0,3.579
B2937,13.199,1.002,14.201,0.0,2.07
B2997,17.737,1.276,19.012999999999998,0.0,3.17
B1857,15.958,1.177,17.135,0.0,2.65
B2998,13.808,1.23,15.038,0.0,3.006
B2969,19.009,1.316,20.325,0.0,3.467
B2987,18.21,1.293,19.503,0.0,3.263
B2980,19.489,1.339,20.828,0.0,3.578
B3003,14.134,1.088,15.222000000000001,0.0,2.273
B1995,31.497,3.206,34.703,0.0,5.188
B1999,31.861,3.049,34.910000000000004,0.0,4.843
B2768,16.663,1.904,18.567,0.0,2.533
B1998,13.614,1.022,14.636000000000001,0.0,2.178
B1859,51.393,2.486,53.879,0.0,10.061
B2001,19.114,1.237,20.351,0.0,2.859
B1997,15.578,1.787,17.365,0.0,3.049
B1996,27.24,2.651,29.891,0.0,4.153
B2000,22.632,1.307,23.939,0.0,3.575
B1992,40.441,1.91,42.351,0.0,6.424
B1856,14.231,1.03,15.261,0.0,2.24
B2968,18.101,1.307,19.407999999999998,0.0,3.134
B2953,16.925,1.311,18.236,0.0,3.024
B2959,15.986,1.221,17.207,0.0,2.745
B1855,66.036,3.134,69.17,0.0,13.322
B2975,14.685,1.4,16.085,0.0,2.774
B2967,15.03,1.402,16.432,0.0,2.862
B1835,66.704,2.839,69.54299999999999,0.0,12.746
B2988,13.615,1.086,14.701,0.0,2.537
B2990,10.637,1.039,11.676,0.0,2.402
B2010,36.152,3.765,39.917,0.0,6.162
B2009,80.431,10.077,90.508,0.0,16.413
B2011,140.161,3.666,143.827,0.0,25.838
B1950,39.856,3.752,43.608000000000004,0.0,6.316
B1949,36.112,3.393,39.505,0.0,5.469
B1945,81.652,9.303,90.955,0.0,16.772
B1939,169.133,26.46,195.59300000000002,0.0,53.984
B1944,37.414,5.1,42.514,0.0,9.639
B3004,115.519,17.357,132.876,0.0,33.331
B3006,101.165,13.288,114.453,0.0,25.456
B1858,20.555,2.313,22.868,0.0,3.999
B1993,30.927,3.273,34.2,0.0,5.158
B2006,32.115,3.03,35.145,0.0,4.656
B1834,31.504,1.901,33.405,0.0,5.703
B2008,38.665,4.1,42.765,0.0,6.891
B2769,28.702,3.036,31.738000000000003,0.0,4.775
B1948,23.772,2.841,26.613,0.0,4.269
B2004,35.247,1.941,37.188,0.0,5.69
B2007,37.063,4.79,41.853,0.0,8.417
B1947,29.106,2.866,31.972,0.0,4.553
B2976,14.689,1.407,16.096,0.0,2.774
B1822,13.968,1.107,15.075,0.0,2.61
B2999,14.56,1.236,15.796000000000001,0.0,2.773
B2989,14.935,1.258,16.193,0.0,2.863
B2991,14.55,1.234,15.784,0.0,2.771
B2992,14.941,1.259,16.2,0.0,2.862
B1827,21.966,1.571,23.537000000000003,0.0,4.036
B1818,34.989,3.994,38.983,0.0,6.596
B2972,14.564,1.235,15.799,0.0,2.774
B2993,14.571,1.235,15.806,0.0,2.773
B1646,20.919,1.858,22.777,0.0,3.682
B1636,165.926,3.174,169.1,0.0,42.93
B1634,36.55,4.071,40.620999999999995,0.0,7.037
B2933,36.788,4.344,41.132,0.0,7.038
B2938,46.681,5.116,51.797,0.0,8.909
B1841,22.029,3.051,25.08,0.0,5.46
B1632,18.574,1.643,20.217000000000002,0.0,4.938
B1854,25.481,1.57,27.051000000000002,0.0,4.827
B1644,22.635,2.185,24.82,0.0,5.118
B1821,24.47,1.56,26.029999999999998,0.0,4.592
B1645,33.088,1.945,35.033,0.0,6.279
B1823,18.306,1.265,19.571,0.0,3.129
B1826,14.139,1.05,15.189,0.0,2.376
B1648,26.206,1.679,27.884999999999998,0.0,4.772
B2942,15.479,1.245,16.724,0.0,2.71
B1647,39.298,2.489,41.787,0.0,8.266
B1820,13.919,1.036,14.955,0.0,2.323
B1649,18.787,1.331,20.118,0.0,3.286
B1825,12.92,0.903,13.823,0.0,2.737
B2983,15.03,1.408,16.438,0.0,2.862
B1650,23.025,1.399,24.424,0.0,3.896
B2944,16.823,1.31,18.133,0.0,2.974
B1824,16.015,1.278,17.293,0.0,2.804
B2982,14.749,1.497,16.246000000000002,0.0,2.775
B2970,15.079,1.499,16.578,0.0,2.864
B1635,37.522,4.259,41.781,0.0,7.097
B2935,37.077,4.748,41.824999999999996,0.0,7.045
B2932,46.871,5.403,52.274,0.0,8.896
B2931,39.232,4.678,43.91,0.0,7.464
B2930,48.078,5.682,53.760000000000005,0.0,9.075
B2929,39.016,4.765,43.781,0.0,7.423
B2940,42.347,5.416,47.763000000000005,0.0,9.467
B2941,54.963,6.626,61.589,0.0,11.948
B2952,29.837,3.962,33.799,0.0,5.932
B2960,14.939,1.258,16.197,0.0,2.863
B2979,14.562,1.236,15.798,0.0,2.774
B2927,44.193,5.567,49.76,0.0,8.787
B2964,14.921,1.258,16.179,0.0,2.86
B1833,17.605,1.282,18.887,0.0,2.952
B2954,48.04,5.576,53.616,0.0,9.078
B2965,14.572,1.234,15.806,0.0,2.774
B2951,44.176,5.567,49.743,0.0,8.787
B1830,14.918,1.257,16.175,0.0,2.859
B1652,53.989,6.336,60.324999999999996,0.0,10.44
B1642,38.891,4.691,43.582,0.0,7.938
B2552,16.56,2.325,18.884999999999998,0.0,4.175
B2553,12.145,2.321,14.466,0.0,4.082
B1643,39.752,4.161,43.913000000000004,0.0,6.987
B2555,16.533,2.32,18.853,0.0,4.09
B2549,40.129,4.109,44.238,0.0,7.03
B1597,87.846,16.094,103.94,0.0,32.828
B1594,35.438,5.599,41.037000000000006,0.0,10.789
B1641,42.384,5.416,47.8,0.0,9.467
B2772,55.044,6.626,61.669999999999995,0.0,11.949
B2771,58.649,7.242,65.891,0.0,13.371
B2770,41.896,5.002,46.898,0.0,8.588
B1638,40.409,4.805,45.214,0.0,8.212
B1639,57.045,6.404,63.449,0.0,11.272
B1640,53.299,5.898,59.197,0.0,10.237
B1629,232.577,14.004,246.581,0.0,37.326
B1653,43.33,5.938,49.268,0.0,11.633
B2544,39.424,4.612,44.036,0.0,7.804
B2546,12.232,2.357,14.588999999999999,0.0,4.082
B2545,16.441,2.35,18.791,0.0,4.048
B1631,40.378,4.635,45.013,0.0,8.014
B1614,19.293,2.313,21.605999999999998,0.0,4.1
B1624,22.26,1.231,23.491000000000003,0.0,3.127
B1622,16.316,1.029,17.345,0.0,2.041
B1600,18.596,1.039,19.635,0.0,2.373
B1656,34.433,1.867,36.3,0.0,5.922
B1608,16.787,1.007,17.794,0.0,2.061
B1623,14.905,1.061,15.966,0.0,2.125
B1621,16.615,2.023,18.637999999999998,0.0,3.391
B1654,119.341,15.617,134.958,0.0,30.814
B2550,44.625,4.046,48.671,0.0,6.193
B1605,18.972,1.131,20.103,0.0,2.544
B1620,17.788,1.084,18.872,0.0,2.391
B1619,17.802,1.09,18.892,0.0,2.384
B2560,46.296,5.85,52.146,0.0,10.326
B2565,45.125,5.674,50.799,0.0,9.93
B2559,44.087,5.318,49.405,0.0,9.464
B2566,35.144,4.983,40.126999999999995,0.0,8.807
B2562,46.358,5.875,52.233,0.0,10.325
B2567,38.655,4.79,43.445,0.0,8.188
B2561,44.124,5.328,49.452000000000005,0.0,9.464
B2572,0.0,0.0,0.0,0.0,0.403
B1802,47.52,5.57,53.09,0.0,9.851
B1593,43.727,4.982,48.708999999999996,0.0,8.734
B1610,37.013,3.902,40.915,0.0,6.403
B1611,46.938,5.179,52.117000000000004,0.0,8.872
B2851,34.527,5.242,39.769,0.0,8.471
B1485,30.943,5.211,36.154,0.0,7.872
B2852,82.674,9.917,92.59100000000001,0.0,17.448
B2854,31.829,4.53,36.359,0.0,6.796
B2856,29.498,4.744,34.242000000000004,0.0,7.081
B2849,81.773,10.295,92.068,0.0,18.191
B1218,43.475,5.062,48.537,0.0,8.613
B2716,0.0,0.0,0.0,0.0,0.662
B1219,60.017,6.301,66.318,0.0,11.607
B1486,77.979,8.872,86.851,0.0,15.453
B2728,32.254,4.193,36.446999999999996,0.0,6.8
B2727,29.563,4.212,33.775,0.0,7.042
B2726,33.28,4.16,37.44,0.0,6.936
B2725,32.227,4.193,36.419999999999995,0.0,6.796
B2323,78.494,8.785,87.279,0.0,15.836
B2319,49.921,2.622,52.543,0.0,8.587
B2334,59.452,1.793,61.245,0.0,9.768
B2322,78.481,8.785,87.26599999999999,0.0,15.831
B2857,44.65,5.838,50.488,0.0,9.473
B2853,68.461,7.873,76.334,0.0,13.614
B2858,43.08,5.829,48.909,0.0,9.428
B2797,32.062,4.564,36.626,0.0,6.908
B2859,72.87,8.91,81.78,0.0,15.3
B2798,26.524,4.342,30.866,0.0,6.407
B2799,29.011,4.564,33.575,0.0,6.928
B2793,20.336,1.762,22.098,0.0,2.902
B2794,42.51,5.075,47.585,0.0,7.935
B2800,39.249,5.837,45.086,0.0,9.265
B1484,37.447,4.737,42.184000000000005,0.0,7.942
B2557,33.217,4.16,37.376999999999995,0.0,6.937
B3318,52.514,6.545,59.059000000000005,0.0,11.637
B2743,40.15,4.953,45.103,0.0,8.206
B1575,38.921,4.684,43.605,0.0,7.913
B1490,105.421,11.251,116.67200000000001,0.0,21.674
B1573,128.929,13.725,142.654,0.0,27.182
B2750,19.968,1.954,21.922,0.0,2.677
B1574,44.808,5.561,50.369,0.0,9.471
B1488,90.649,9.757,100.406,0.0,17.681
B2801,38.296,5.853,44.149,0.0,9.396
B1468,92.427,9.428,101.855,0.0,17.038
B3602,198.566,47.993,246.559,0.0,19.239
B1012,259.78,63.71,323.48999999999995,0.0,25.563
B1491,94.567,10.347,104.91399999999999,0.0,19.612
B1494,177.941,18.846,196.787,0.0,37.582
B1495,44.668,5.212,49.879999999999995,0.0,8.873
B1572,43.023,4.996,48.019000000000005,0.0,8.559
B3598,37.212,4.893,42.105000000000004,0.0,8.491
B3321,31.144,3.75,34.894,0.0,6.219
B3599,43.345,5.027,48.372,0.0,8.612
B1492,30.807,3.73,34.537,0.0,6.15
B2747,102.953,5.677,108.63,0.0,16.779
B3600,38.709,4.428,43.137,0.0,7.608
B2332,10.862,1.039,11.901,0.0,2.445
B2912,49.601,5.666,55.266999999999996,0.0,9.275
B2345,48.739,5.654,54.393,0.0,9.26
B3650,7.268,1.039,8.307,0.0,2.428
B3649,11.026,1.039,12.065,0.0,2.445
B2325,78.467,8.784,87.251,0.0,15.829
B3643,11.074,1.034,12.108,0.0,2.529
B3644,7.392,1.034,8.426,0.0,2.52
B3645,7.385,1.034,8.419,0.0,2.518
B2945,16.971,1.224,18.195,0.0,3.018
B1651,14.512,1.058,15.57,0.0,2.479
B2973,14.758,1.498,16.256,0.0,2.776
B2981,15.083,1.501,16.584,0.0,2.863
B2971,14.928,1.258,16.186,0.0,2.86
B1633,54.502,6.436,60.938,0.0,10.552
B2955,14.762,1.495,16.257,0.0,2.777
B2928,15.079,1.498,16.577,0.0,2.863
B2963,14.547,1.235,15.782,0.0,2.771
B2994,14.931,1.26,16.191,0.0,2.861
B1819,17.704,1.309,19.013,0.0,3.004
B2961,41.572,4.926,46.498000000000005,0.0,8.214
B2957,39.754,4.697,44.451,0.0,7.94
B2985,24.058,3.356,27.414,0.0,5.2
B2995,14.567,1.234,15.801,0.0,2.775
B2996,14.925,1.259,16.184,0.0,2.86
B2956,37.387,4.509,41.896,0.0,7.481
B2974,45.327,5.472,50.799,0.0,9.097
B2986,24.137,3.482,27.619,0.0,5.193
B2003,27.773,2.687,30.46,0.0,4.223
B1946,35.334,3.409,38.743,0.0,5.332
B2958,37.368,4.509,41.877,0.0,7.478
B2002,25.487,1.329,26.816,0.0,3.752
B1943,34.892,3.488,38.38,0.0,5.542
B1938,86.09,11.511,97.601,0.0,21.403
B1953,118.114,12.206,130.32,0.0,23.876
B2774,69.207,8.272,77.479,0.0,15.358
B3624,126.368,12.623,138.99099999999999,0.0,24.339
B2950,35.439,4.381,39.82,0.0,6.525
B2949,39.024,4.97,43.994,0.0,7.559
B1831,42.696,5.117,47.812999999999995,0.0,8.46
B2777,13.622,1.93,15.552,0.0,1.779
B2778,13.409,1.78,15.189,0.0,1.701
B1630,173.067,11.135,184.202,0.0,29.565
B1817,39.759,4.697,44.456,0.0,7.941
B2977,44.525,5.406,49.931,0.0,9.094
B1832,0.0,0.0,0.0,0.0,0.745
B2984,31.339,4.126,35.464999999999996,0.0,6.495
B1816,73.156,8.602,81.75800000000001,0.0,16.094
B1829,112.826,12.291,125.11699999999999,0.0,24.041
B1828,79.374,8.757,88.131,0.0,16.405
B1815,202.147,29.751,231.898,0.0,59.849
B1812,67.241,9.829,77.07,0.0,17.719
B1803,184.49,25.05,209.54000000000002,0.0,51.287
B1937,42.87,6.344,49.214,0.0,10.701
B2705,47.541,6.159,53.699999999999996,0.0,10.382
B2702,41.547,5.248,46.794999999999995,0.0,8.936
B1974,22.003,3.332,25.335,0.0,5.397
B2707,111.039,11.69,122.729,0.0,22.027
B1973,83.248,10.007,93.25500000000001,0.0,18.584
B3595,47.135,9.023,56.158,0.0,17.688
B1969,56.537,7.941,64.478,0.0,14.743
B2695,44.361,5.635,49.995999999999995,0.0,10.026
B1951,144.339,14.063,158.402,0.0,27.609
B3594,49.747,9.577,59.324,0.0,19.044
B1908,62.831,8.679,71.51,0.0,17.045
B1913,39.062,4.827,43.888999999999996,0.0,8.06
B1912,178.236,21.31,199.546,0.0,41.577
B1814,148.497,23.052,171.549,0.0,42.875
B1910,47.554,5.311,52.865,0.0,8.954
B1909,45.006,5.146,50.152,0.0,8.304
B1904,86.34,9.803,96.143,0.0,18.085
B2699,40.363,4.688,45.051,0.0,7.176
B2697,44.832,5.646,50.478,0.0,10.178
B3428,16.815,1.613,18.428,0.0,2.078
B2694,43.852,5.471,49.32299999999999,0.0,9.874
B1911,43.9,6.661,50.561,0.0,13.008
B2696,44.464,5.619,50.083,0.0,10.059
B2693,54.991,7.218,62.209,0.0,13.182
B1907,57.131,7.543,64.674,0.0,13.832
B1905,52.413,5.587,58.0,0.0,9.815
B1923,45.487,5.094,50.581,0.0,8.685
B2571,63.974,7.118,71.092,0.0,12.445
B1801,63.975,7.119,71.094,0.0,12.445
B2569,42.753,6.254,49.007,0.0,12.206
B2570,42.817,6.253,49.07,0.0,12.198
B1799,52.481,5.788,58.269000000000005,0.0,10.132
B1805,60.587,6.415,67.00200000000001,0.0,11.638
B1804,56.795,6.544,63.339,0.0,11.386
B1798,195.756,9.051,204.807,0.0,25.927
B2479,85.959,14.994,100.953,0.0,30.358
B1213,41.9,3.832,45.732,0.0,6.227
B1922,43.806,4.796,48.602,0.0,7.972
B1921,40.231,4.905,45.136,0.0,8.312
B3925,43.446,5.005,48.451,0.0,8.714
B1920,50.988,5.568,56.556,0.0,9.634
B3928,0.0,0.0,0.0,0.0,0.376
B1914,38.653,5.132,43.785,0.0,9.719
B1915,31.101,4.054,35.155,0.0,6.744
B3927,24.593,3.403,27.996,0.0,6.153
B1926,42.655,4.733,47.388,0.0,8.034
B1612,25.544,2.615,28.159,0.0,4.147
B1609,21.137,2.493,23.63,0.0,3.874
B1613,44.721,5.906,50.626999999999995,0.0,10.896
B1607,25.519,2.504,28.023,0.0,3.818
B2548,17.977,1.273,19.25,0.0,3.046
B1615,37.99,3.966,41.956,0.0,6.722
B1603,30.43,3.528,33.958,0.0,5.336
B1655,30.438,2.908,33.346,0.0,4.321
B1599,18.923,1.143,20.066,0.0,2.61
B1618,29.166,2.739,31.905,0.0,4.073
B1604,18.816,1.39,20.206,0.0,3.238
B1617,30.441,2.894,33.335,0.0,4.329
B1616,28.606,2.738,31.344,0.0,3.961
B1602,15.622,1.149,16.771,0.0,2.489
B1657,41.307,5.14,46.447,0.0,8.86
B2568,40.407,4.968,45.375,0.0,8.606
B1661,23.763,2.688,26.451,0.0,3.939
B1659,25.905,1.4,27.305,0.0,3.902
B1683,25.304,2.576,27.88,0.0,3.829
B1660,45.629,5.31,50.939,0.0,8.728
B1671,24.341,2.847,27.188000000000002,0.0,4.044
B1663,15.305,1.119,16.424,0.0,2.424
B2539,73.905,9.866,83.771,0.0,20.135
B2540,73.565,10.02,83.585,0.0,20.179
B2541,73.677,10.32,83.99700000000001,0.0,20.096
B2537,73.465,9.814,83.279,0.0,19.904
B2542,74.116,10.071,84.187,0.0,20.032
B1665,22.975,2.382,25.357000000000003,0.0,4.277
B1666,19.322,2.182,21.503999999999998,0.0,3.662
B2536,74.156,10.332,84.488,0.0,19.974
B2473,19.855,2.161,22.016000000000002,0.0,3.046
B1668,15.296,1.12,16.416,0.0,2.424
B2564,18.074,1.495,19.569000000000003,0.0,9.35
B1678,44.808,5.994,50.802,0.0,10.487
B2563,43.862,5.617,49.479,0.0,9.629
B1800,32.487,3.634,36.121,0.0,5.99
B3283,79.072,8.288,87.36,0.0,14.94
B1681,18.024,1.146,19.17,0.0,2.622
B1679,23.148,2.515,25.663,0.0,3.764
B2478,49.266,7.824,57.089999999999996,0.0,15.186
B1680,32.954,3.478,36.432,0.0,5.429
B2477,49.298,7.824,57.122,0.0,15.188
B1673,34.228,4.253,38.481,0.0,6.392
B1658,50.732,8.18,58.912,0.0,16.031
B1670,18.985,1.281,20.266,0.0,2.827
B1675,15.29,1.12,16.41,0.0,2.423
B1672,25.15,2.897,28.046999999999997,0.0,4.255
B1674,46.872,5.063,51.935,0.0,8.411
B1676,19.961,1.315,21.276,0.0,3.031
B1664,19.965,1.315,21.28,0.0,3.031
B2475,74.46,12.611,87.071,0.0,25.634
B1222,30.106,3.096,33.202,0.0,4.879
B1667,19.988,1.315,21.303,0.0,3.03
B1249,28.062,3.541,31.603,0.0,5.577
B1252,18.651,1.321,19.972,0.0,3.195
B2723,38.337,4.963,43.300000000000004,0.0,8.312
B1251,21.315,2.343,23.658,0.0,3.367
B1669,50.512,6.642,57.154,0.0,12.295
B1250,47.138,5.263,52.400999999999996,0.0,8.879
B1247,37.359,4.894,42.253,0.0,8.352
B1253,33.985,3.627,37.612,0.0,5.761
B1693,29.191,3.095,32.286,0.0,4.642
B2480,49.344,7.824,57.168,0.0,15.191
B2687,56.327,5.782,62.108999999999995,0.0,10.185
B2474,147.205,24.222,171.42700000000002,0.0,50.892
B1694,48.459,5.898,54.357,0.0,10.318
B2686,48.814,5.742,54.556,0.0,9.917
B1215,34.241,3.6,37.841,0.0,5.821
B1205,91.945,10.631,102.576,0.0,19.514
B1204,62.633,7.527,70.16,0.0,13.735
B2509,30.245,4.098,34.343,0.0,7.588
B1217,83.078,9.463,92.541,0.0,17.381
B2724,29.557,4.212,33.769,0.0,7.047
B2722,33.226,4.16,37.385999999999996,0.0,6.939
B2719,29.546,4.212,33.757999999999996,0.0,7.048
B1216,69.507,8.098,77.605,0.0,14.745
B2315,39.074,4.877,43.951,0.0,8.231
B2718,33.216,4.16,37.376000000000005,0.0,6.937
B3320,33.152,4.599,37.751000000000005,0.0,7.772
B3319,42.597,5.216,47.813,0.0,9.053
B2729,38.166,5.065,43.230999999999995,0.0,8.644
B2721,32.218,4.193,36.411,0.0,6.8
B1689,23.215,2.341,25.556,0.0,3.356
B1248,39.105,5.12,44.224999999999994,0.0,8.647
B1688,54.681,6.16,60.840999999999994,0.0,10.962
B1685,19.244,1.318,20.562,0.0,2.946
B1571,46.295,4.542,50.837,0.0,7.677
B2717,32.184,4.193,36.376999999999995,0.0,6.796
B1684,26.972,1.595,28.567,0.0,4.527
B1903,87.575,9.999,97.574,0.0,18.505
B1917,88.588,9.999,98.58699999999999,0.0,18.469
B2700,44.339,5.248,49.586999999999996,0.0,9.07
B1916,49.764,5.633,55.397000000000006,0.0,9.732
B1919,50.983,7.35,58.333,0.0,14.432
B1214,38.065,3.658,41.723,0.0,5.999
B2476,63.664,7.272,70.936,0.0,12.895
B1212,36.247,3.74,39.987,0.0,5.414
B1918,64.977,7.288,72.265,0.0,13.342
B1210,38.106,4.031,42.137,0.0,5.863
B1207,65.599,6.348,71.947,0.0,11.142
B1206,59.861,6.602,66.463,0.0,11.701
B1208,142.109,3.072,145.181,0.0,24.622
B1209,52.245,5.898,58.143,0.0,10.306
B1173,0.0,12.942,12.942,0.0,3.473
B3862,31.546,4.232,35.778,0.0,8.023
B1172,35.881,4.896,40.777,0.0,9.261
B2513,50.188,6.709,56.897000000000006,0.0,13.292
B3863,31.792,4.233,36.025,0.0,8.101
B3553,43.89,6.147,50.037,0.0,11.859
B1925,38.876,4.127,43.003,0.0,6.947
B1932,31.056,3.041,34.097,0.0,4.658
B1931,90.25,12.838,103.088,0.0,25.423
B1176,50.11,6.556,56.666,0.0,13.101
B2298,40.455,6.204,46.659,0.0,12.392
B3369,0.0,0.0,0.0,0.0,0.41
B3931,39.024,7.403,46.427,0.0,14.287
B3932,52.44,8.317,60.757,0.0,16.272
B1211,41.978,4.61,46.588,0.0,6.552
B1902,31.536,1.114,32.65,0.0,6.385
B1175,70.251,10.177,80.428,0.0,20.772
B3934,0.0,0.0,0.0,0.0,0.41
B3933,0.0,0.0,0.0,0.0,0.41
B1174,74.637,10.485,85.122,0.0,21.261
B1171,56.483,5.763,62.245999999999995,0.0,10.126
B2685,50.632,6.715,57.346999999999994,0.0,13.177
B3372,0.0,0.0,0.0,0.0,0.405
B2503,52.128,8.735,60.863,0.0,17.724
B2510,0.0,16.835,16.835,0.0,5.311
B1170,11.763,1.011,12.774,0.0,2.433
B2511,56.39,7.213,63.603,0.0,14.399
B3861,0.0,2.221,2.221,0.0,0.733
B3860,9.036,1.004,10.04,0.0,2.398
B3859,12.281,1.012,13.293000000000001,0.0,2.402
B1169,14.116,1.101,15.216999999999999,0.0,2.727
B3856,7.414,0.942,8.356,0.0,1.996
B3865,46.915,5.789,52.704,0.0,9.935
B2514,52.757,7.028,59.785,0.0,13.926
B1203,26.443,2.663,29.106,0.0,4.083
B2512,44.52,6.229,50.749,0.0,12.106
B1202,75.465,8.848,84.313,0.0,16.391
B1705,26.239,2.662,28.901,0.0,4.036
B1165,49.89,6.564,56.454,0.0,13.12
B1706,25.197,2.488,27.685,0.0,3.804
B1164,51.134,6.907,58.041,0.0,12.606
B3857,10.461,1.004,11.465,0.0,2.401
B3858,9.999,0.944,10.943000000000001,0.0,2.002
B1166,0.0,15.305,15.305,0.0,6.851
B1167,55.691,8.057,63.748000000000005,0.0,15.688
B1168,58.057,8.344,66.401,0.0,16.517
B1115,41.241,3.999,45.24,0.0,6.665
B1114,56.286,7.7,63.986000000000004,0.0,15.273
B1113,37.194,3.608,40.802,0.0,5.721
B1051,142.946,7.363,150.309,0.0,20.077
B3357,39.789,4.594,44.383,0.0,7.977
B3371,0.0,0.0,0.0,0.0,0.41
B3373,97.272,2.423,99.69500000000001,0.0,16.462
B1188,39.796,1.849,41.644999999999996,0.0,6.251
B1052,231.371,55.053,286.424,0.0,22.164
B1186,77.246,8.517,85.76299999999999,0.0,15.917
B3853,39.505,5.028,44.533,0.0,8.799
B3852,34.897,4.32,39.217,0.0,7.303
B3850,35.042,4.321,39.363,0.0,7.326
B3851,41.923,4.514,46.437000000000005,0.0,7.509
B3886,81.774,12.661,94.435,0.0,25.892
B1185,145.992,3.145,149.137,0.0,24.803
B3883,77.359,13.819,91.178,0.0,27.748
B3888,36.48,6.584,43.06399999999999,0.0,13.01
B1193,76.44,8.004,84.444,0.0,14.67
B3892,52.148,6.443,58.591,0.0,11.402
B3884,68.057,11.945,80.00200000000001,0.0,24.347
B3891,51.331,5.881,57.212,0.0,10.59
B3890,40.534,5.331,45.865,0.0,9.377
B3845,80.966,4.538,85.50399999999999,0.0,11.464
B3849,51.832,6.416,58.248000000000005,0.0,11.368
B3848,45.046,5.549,50.595,0.0,9.867
B3847,60.614,6.436,67.05,0.0,11.499
B1182,39.525,4.574,44.099,0.0,7.737
B3379,100.097,12.409,112.506,0.0,16.047
B3895,87.685,9.78,97.465,0.0,18.575
B1189,87.223,9.616,96.839,0.0,18.399
B1691,53.151,5.977,59.128,0.0,10.47
B2688,39.035,4.564,43.599,0.0,7.636
B1221,21.297,2.359,23.656,0.0,4.248
B1690,43.707,6.16,49.867000000000004,0.0,11.958
B1687,42.756,5.783,48.539,0.0,9.921
B1692,32.215,4.266,36.481,0.0,7.948
B2689,49.886,5.796,55.682,0.0,10.159
B1686,35.936,4.641,40.577,0.0,7.833
B2682,150.039,23.491,173.52999999999997,0.0,46.437
B1220,156.728,24.667,181.395,0.0,49.28
B2558,29.549,4.212,33.760999999999996,0.0,7.048
B1592,44.902,4.355,49.257000000000005,0.0,7.328
B1701,17.361,1.144,18.505,0.0,2.478
B1698,44.721,4.339,49.059999999999995,0.0,7.321
B2674,41.487,4.359,45.846000000000004,0.0,7.356
B1591,45.89,4.502,50.392,0.0,7.515
B1570,46.522,5.565,52.086999999999996,0.0,9.857
B1590,35.507,4.162,39.669,0.0,6.887
B1699,52.44,5.267,57.707,0.0,8.634
B2676,44.295,4.57,48.865,0.0,7.4
B1700,17.973,1.193,19.166,0.0,2.602
B1696,32.755,3.904,36.659000000000006,0.0,6.566
B1702,42.686,4.64,47.326,0.0,7.691
B2684,41.07,4.582,45.652,0.0,8.125
B1723,39.101,5.5,44.601,0.0,10.331
B1703,24.514,2.684,27.198,0.0,4.094
B1722,71.819,9.029,80.848,0.0,18.383
B1719,34.356,3.584,37.940000000000005,0.0,5.887
B1695,35.514,3.379,38.893,0.0,5.654
B1725,26.593,2.734,29.326999999999998,0.0,4.161
B2680,34.805,4.158,38.963,0.0,6.896
B2740,50.183,6.275,56.458,0.0,11.276
B2741,24.208,2.091,26.299,0.0,14.949
B1720,22.373,2.397,24.77,0.0,3.336
B2742,45.498,6.005,51.503,0.0,10.148
B1569,40.291,4.576,44.867,0.0,8.058
B1704,40.362,4.576,44.938,0.0,8.076
B1707,26.04,2.843,28.883,0.0,3.989
B1697,26.85,2.825,29.675,0.0,4.203
B3846,13.182,1.717,14.899000000000001,0.0,2.476
B1726,26.086,2.838,28.924,0.0,4.543
B1724,26.82,2.829,29.649,0.0,4.201
B1748,25.741,2.782,28.523,0.0,3.92
B1729,17.382,1.192,18.574,0.0,2.483
B1728,28.128,3.264,31.392,0.0,5.191
B1568,43.038,4.996,48.034,0.0,8.557
B3872,40.376,4.576,44.952,0.0,8.058
B2673,40.058,4.573,44.631,0.0,7.989
B3871,37.508,4.896,42.404,0.0,8.563
B3870,43.083,5.023,48.105999999999995,0.0,8.542
B2677,46.054,5.56,51.614000000000004,0.0,9.196
B1588,53.656,6.644,60.3,0.0,11.065
B2665,58.062,7.82,65.882,0.0,14.026
B2667,0.0,0.0,0.0,0.0,1.175
B1712,57.366,7.763,65.129,0.0,13.799
B1713,22.809,2.478,25.287000000000003,0.0,3.896
B1714,27.709,3.026,30.735,0.0,4.852
B1716,21.905,1.392,23.297,0.0,3.94
B1740,29.002,3.011,32.013,0.0,4.634
B1715,40.727,4.247,44.974,0.0,7.25
B1741,32.083,3.219,35.302,0.0,5.032
B1739,43.573,6.657,50.230000000000004,0.0,13.041
B1742,32.144,3.064,35.208,0.0,4.767
B1196,24.383,3.414,27.797,0.0,6.075
B1163,25.896,2.933,28.829,0.0,4.385
B1749,33.022,3.553,36.574999999999996,0.0,5.517
B1162,28.046,2.896,30.942,0.0,4.272
B1195,57.1,6.355,63.455,0.0,11.651
B1111,39.804,4.595,44.399,0.0,7.989
B1750,39.532,4.4,43.931999999999995,0.0,7.577
B1183,55.726,6.722,62.448,0.0,11.458
B2668,35.422,4.049,39.471,0.0,6.933
B2679,46.219,5.749,51.968,0.0,9.311
B2675,53.71,6.653,60.363,0.0,11.073
B1586,43.983,5.328,49.311,0.0,8.55
B1730,90.966,11.963,102.92899999999999,0.0,23.069
B1587,44.267,5.331,49.598000000000006,0.0,8.629
B1733,36.288,4.143,40.431,0.0,6.832
B1582,44.55,5.334,49.884,0.0,8.703
B1585,50.366,5.313,55.679,0.0,9.48
B2661,67.088,7.299,74.387,0.0,13.362
B2735,56.21,5.956,62.166000000000004,0.0,10.886
B1738,19.983,1.189,21.172,0.0,2.673
B1717,92.979,11.073,104.05199999999999,0.0,20.629
B1743,74.143,1.859,76.002,0.0,11.66
B2666,19.007,2.085,21.092000000000002,0.0,3.093
B2662,41.836,4.9,46.736,0.0,8.467
B1744,36.53,3.042,39.572,0.0,4.93
B1732,41.017,4.861,45.878,0.0,8.3
B2911,44.599,5.699,50.297999999999995,0.0,9.197
B3646,7.383,1.034,8.417,0.0,2.517
B3647,7.382,1.035,8.417,0.0,2.518
B2910,36.425,1.709,38.134,0.0,8.095
B3648,7.38,1.034,8.414,0.0,2.517
B1463,15.34,1.08,16.42,0.0,2.33
B2348,36.994,5.467,42.461,0.0,8.607
B2787,15.344,1.082,16.426,0.0,2.32
B2344,11.266,1.034,12.3,0.0,2.531
B1576,38.737,4.427,43.164,0.0,7.604
B3601,38.66,4.424,43.083999999999996,0.0,7.582
B1497,76.695,6.867,83.562,0.0,12.803
B1577,38.297,4.421,42.717999999999996,0.0,7.489
B3875,48.811,7.769,56.58,0.0,15.388
B2744,46.504,7.611,54.114999999999995,0.0,15.23
B1498,113.622,6.87,120.492,0.0,18.494
B1581,46.025,4.657,50.682,0.0,8.17
B2749,113.549,6.853,120.402,0.0,18.444
B3301,13.98,0.846,14.826,0.0,2.496
B2783,18.279,1.163,19.442,0.0,2.651
B1466,17.755,1.146,18.901,0.0,2.539
B1465,22.258,1.339,23.596999999999998,0.0,3.117
B1464,19.634,1.966,21.6,0.0,2.621
B2785,53.268,8.742,62.010000000000005,0.0,17.072
B1493,160.567,42.05,202.61700000000002,0.0,16.637
B2804,36.421,5.251,41.672,0.0,8.984
B2805,29.394,4.573,33.967,0.0,7.456
B2320,221.089,21.389,242.478,0.0,42.376
B2914,42.013,5.493,47.506,0.0,8.771
B2792,28.773,3.812,32.585,0.0,5.36
B2788,10.077,0.75,10.827,0.0,2.136
B2789,6.695,0.739,7.434,0.0,2.016
B2791,30.423,3.639,34.062,0.0,5.311
B2790,10.106,0.751,10.857,0.0,2.144
B2355,67.893,7.249,75.142,0.0,13.189
B2353,32.424,1.777,34.201,0.0,5.857
B2346,32.086,3.664,35.75,0.0,5.797
B2340,0.0,0.0,0.0,0.0,0.382
B2900,40.801,6.135,46.936,0.0,10.509
B2360,41.915,5.377,47.292,0.0,9.443
B2317,40.079,5.146,45.225,0.0,8.916
B2374,34.547,5.403,39.949999999999996,0.0,9.645
B2808,29.176,4.464,33.64,0.0,8.368
B2336,16.855,1.24,18.095,0.0,2.783
B2342,34.004,3.723,37.727,0.0,6.269
B2748,113.622,6.869,120.491,0.0,18.459
B2811,40.868,5.965,46.833,0.0,10.552
B2806,36.634,5.618,42.252,0.0,10.118
B2803,38.294,5.265,43.559,0.0,8.965
B1458,36.217,5.074,41.291,0.0,8.543
B2807,0.0,22.454,22.454,0.0,3.17
B4036,41.357,5.622,46.979,0.0,10.236
B1459,33.095,5.073,38.168,0.0,8.515
B2810,49.401,6.437,55.838,0.0,11.483
B1579,33.634,3.873,37.507,0.0,7.035
B1578,26.658,3.177,29.835,0.0,4.727
B1502,21.466,1.54,23.006,0.0,2.978
B1501,31.122,3.417,34.539,0.0,5.094
B1545,41.473,4.496,45.969,0.0,7.396
B1538,103.571,14.773,118.344,0.0,29.227
B2830,10.466,0.926,11.392,0.0,2.325
B2822,10.503,0.928,11.431000000000001,0.0,2.327
B2831,6.474,0.916,7.390000000000001,0.0,2.215
B2816,9.926,0.879,10.805,0.0,2.12
B2318,53.814,6.507,60.321,0.0,11.989
B4034,17.001,1.27,18.271,0.0,2.895
B2367,27.73,1.436,29.166,0.0,6.167
B2335,33.576,3.726,37.302,0.0,6.136
B1457,43.998,4.663,48.661,0.0,7.887
B2369,18.677,1.265,19.942,0.0,2.813
B2331,32.354,3.506,35.86,0.0,5.766
B2358,48.245,5.816,54.061,0.0,10.344
B2356,54.867,6.16,61.027,0.0,11.224
B2372,53.088,8.658,61.746,0.0,17.068
B2809,29.254,4.465,33.719,0.0,8.366
B2343,34.116,3.734,37.85,0.0,6.274
B1462,87.374,9.599,96.973,0.0,17.911
B2316,48.411,6.161,54.572,0.0,11.231
B2812,54.178,5.356,59.534,0.0,9.398
B2903,31.613,5.516,37.129,0.0,9.466
B1456,39.097,4.651,43.748000000000005,0.0,7.81
B2813,57.162,6.026,63.188,0.0,10.821
B2823,6.518,0.919,7.436999999999999,0.0,2.231
B2832,6.547,0.919,7.465999999999999,0.0,2.238
B1550,39.744,6.469,46.213,0.0,12.33
B2817,6.507,0.916,7.423,0.0,2.223
B2824,8.849,0.98,9.829,0.0,2.642
B2833,13.853,1.125,14.978,0.0,2.735
B1517,17.491,1.208,18.698999999999998,0.0,2.504
B2818,6.417,0.913,7.33,0.0,2.191
B2825,13.11,1.125,14.235,0.0,2.79
B2819,13.942,1.124,15.066,0.0,2.771
B1567,55.908,5.942,61.85,0.0,10.846
B1731,18.345,1.929,20.273999999999997,0.0,2.71
B1734,27.355,2.469,29.824,0.0,3.727
B1736,24.338,2.45,26.788,0.0,3.559
B1584,36.934,4.103,41.037,0.0,6.94
B1580,46.026,4.659,50.685,0.0,8.175
B1735,29.166,2.701,31.867,0.0,4.113
B1583,33.627,3.731,37.358000000000004,0.0,6.237
B1737,52.59,5.092,57.682,0.0,8.698
B3363,20.162,2.7,22.862,0.0,4.728
B3881,15.441,0.841,16.282,0.0,2.809
B1746,19.686,1.319,21.005,0.0,2.912
B3882,79.724,8.49,88.214,0.0,16.254
B1709,59.284,10.855,70.139,0.0,14.11
B1747,37.786,4.338,42.124,0.0,7.424
B1718,53.66,5.754,59.413999999999994,0.0,9.974
B2737,35.406,4.155,39.561,0.0,6.888
B1745,16.227,1.163,17.39,0.0,2.375
B2736,63.358,8.944,72.30199999999999,0.0,17.305
B1751,35.024,4.044,39.068,0.0,6.87
B1753,41.237,4.263,45.5,0.0,7.423
B1184,45.419,5.433,50.852,0.0,9.092
B1752,35.211,3.506,38.717,0.0,5.824
B2590,38.461,4.722,43.183,0.0,7.853
B3899,28.847,4.124,32.971000000000004,0.0,6.492
B3901,36.297,4.212,40.509,0.0,7.087
B1710,36.401,4.228,40.629000000000005,0.0,7.096
B2603,34.33,5.028,39.358,0.0,9.393
B1540,41.95,4.77,46.72,0.0,8.402
B1539,38.83,4.423,43.253,0.0,7.489
B1708,25.198,2.676,27.874000000000002,0.0,3.787
B1762,21.51,1.738,23.248,0.0,4.145
B2753,30.025,3.734,33.759,0.0,6.106
B1758,32.859,3.422,36.281,0.0,5.022
B2739,266.432,6.945,273.377,0.0,60.712
B1561,110.087,3.168,113.25500000000001,0.0,20.462
B1543,27.454,4.004,31.458,0.0,6.339
B2738,44.315,5.895,50.209999999999994,0.0,9.104
B1765,42.77,4.65,47.42,0.0,7.651
B1764,59.519,6.305,65.824,0.0,10.457
B1754,34.794,4.085,38.879,0.0,6.891
B2733,42.798,5.206,48.004000000000005,0.0,8.996
B1766,113.021,13.137,126.158,0.0,24.612
B3912,113.964,13.456,127.42,0.0,25.384
B1760,77.021,12.869,89.89,0.0,25.696
B1756,33.114,4.338,37.452,0.0,7.474
B1711,36.167,4.33,40.497,0.0,7.186
B2604,27.06,2.887,29.947,0.0,5.138
B2589,26.245,2.88,29.125,0.0,5.101
B2599,90.809,10.712,101.521,0.0,20.137
B1810,63.642,6.564,70.206,0.0,11.831
B3897,32.611,3.437,36.047999999999995,0.0,5.477
B1773,40.972,4.259,45.231,0.0,7.431
B1809,56.252,5.727,61.979,0.0,10.186
B1775,56.284,5.724,62.007999999999996,0.0,10.19
B1761,33.113,4.333,37.446,0.0,7.44
B1767,35.547,4.533,40.08,0.0,8.096
B2591,76.191,11.723,87.914,0.0,23.853
B3908,43.142,6.823,49.965,0.0,13.333
B1755,27.616,2.701,30.317,0.0,4.12
B1768,11.4,1.023,12.423,0.0,2.042
B3444,15.372,1.092,16.464,0.0,2.5
B2601,51.985,7.678,59.663,0.0,15.495
B2597,16.7,2.38,19.08,0.0,4.16
B1549,17.908,1.04,18.948,0.0,2.28
B3911,82.106,9.898,92.00399999999999,0.0,18.374
B1559,75.327,12.327,87.654,0.0,25.065
B1759,23.62,2.904,26.524,0.0,4.515
B2658,50.546,7.151,57.697,0.0,14.177
B3630,46.301,7.966,54.267,0.0,15.683
B1560,40.382,7.437,47.818999999999996,0.0,14.612
B3631,37.825,7.612,45.437000000000005,0.0,14.951
B1763,66.235,12.031,78.266,0.0,24.173
B1558,89.489,15.452,104.941,0.0,31.767
B1774,55.972,5.824,61.796,0.0,10.301
B2595,10.579,3.806,14.385000000000002,0.0,2.46
B1808,34.655,2.238,36.893,0.0,17.669
B1806,149.892,14.874,164.766,0.0,29.124
B1811,31.308,3.794,35.102,0.0,6.072
B1230,107.114,3.213,110.327,0.0,27.507
B1227,190.103,18.974,209.077,0.0,37.19
B1229,108.831,11.579,120.41,0.0,21.969
B2600,58.379,8.074,66.453,0.0,15.885
B1769,17.746,1.159,18.904999999999998,0.0,2.625
B3907,55.395,8.537,63.932,0.0,16.848
B2602,53.596,8.256,61.852,0.0,16.51
B1757,61.662,5.638,67.3,0.0,10.269
B2596,167.051,3.092,170.143,0.0,31.736
B2656,9.856,0.363,10.219,0.0,4.9
B1771,42.423,4.632,47.055,0.0,7.883
B1772,126.554,14.322,140.876,0.0,28.313
B1547,16.331,1.094,17.425,0.0,2.276
B2826,13.071,1.126,14.197,0.0,2.816
B2820,13.059,1.122,14.181,0.0,2.807
B2827,7.958,0.982,8.94,0.0,2.651
B2821,13.124,1.156,14.280000000000001,0.0,3.045
B1548,17.545,1.825,19.37,0.0,2.313
B1518,19.223,2.134,21.357,0.0,2.919
B2828,7.936,1.119,9.055,0.0,2.666
B2829,13.055,1.122,14.177,0.0,2.766
B2359,55.064,6.161,61.225,0.0,11.231
B2363,85.726,10.746,96.472,0.0,20.218
B2899,13.192,1.039,14.231,0.0,2.152
B2814,100.702,9.473,110.175,0.0,17.935
B2904,31.358,5.733,37.091,0.0,10.197
B2815,78.137,8.449,86.586,0.0,15.82
B2362,13.359,1.032,14.391,0.0,2.293
B2902,83.545,12.502,96.047,0.0,16.726
B2354,29.8,5.733,35.533,0.0,10.17
B2366,11.948,0.966,12.914,0.0,1.848
B1455,131.558,21.324,152.882,0.0,43.88
B2834,12.993,1.121,14.114,0.0,2.789
B2835,14.62,1.113,15.732999999999999,0.0,3.365
B4048,43.994,4.878,48.872,0.0,8.364
B2837,49.685,5.569,55.254000000000005,0.0,9.815
B4047,39.488,4.956,44.444,0.0,7.833
B1453,85.233,4.895,90.128,0.0,12.634
B4046,0.0,17.285,17.285,0.0,3.331
B2840,49.646,5.567,55.213,0.0,9.796
B1546,16.365,1.094,17.459,0.0,2.283
B1519,17.088,0.967,18.055,0.0,3.374
B1544,14.603,1.073,15.676,0.0,2.181
B2755,14.165,0.996,15.161,0.0,2.065
B1520,16.565,1.1,17.665000000000003,0.0,2.317
B2756,14.06,0.998,15.058,0.0,2.033
B2845,15.832,0.936,16.768,0.0,3.054
B1552,24.359,1.376,25.735000000000003,0.0,3.269
B2901,11.835,0.966,12.801,0.0,1.822
B2905,37.259,6.111,43.37,0.0,10.885
B2907,40.974,4.496,45.47,0.0,7.737
B2364,20.582,1.245,21.827,0.0,3.105
B1461,235.994,21.166,257.16,0.0,42.738
B2371,111.314,13.786,125.1,0.0,26.773
B2908,39.349,4.495,43.843999999999994,0.0,7.564
B2906,117.369,14.486,131.855,0.0,28.02
B2909,35.167,4.485,39.652,0.0,7.537
B1521,19.225,1.194,20.419,0.0,4.191
B1551,17.941,1.075,19.016,0.0,2.29
B3674,83.74,14.842,98.582,0.0,30.214
B2757,14.15,1.012,15.162,0.0,2.068
B1522,14.128,1.012,15.14,0.0,2.044
B3632,50.901,11.643,62.544000000000004,0.0,23.697
B2846,35.89,3.999,39.889,0.0,6.499
B3633,35.198,7.623,42.821,0.0,14.912
B1506,94.611,10.903,105.51400000000001,0.0,20.205
B3634,37.078,8.265,45.343,0.0,16.285
B1454,95.657,8.485,104.142,0.0,15.856
B2843,49.802,5.571,55.373,0.0,9.841
B2838,50.79,5.767,56.557,0.0,10.512
B1452,49.685,5.571,55.256,0.0,9.811
B2839,36.228,4.222,40.45,0.0,7.118
B2841,50.162,5.755,55.917,0.0,10.311
B1433,43.154,4.73,47.884,0.0,8.386
B2842,35.539,4.053,39.592,0.0,6.92
B1023,49.465,5.581,55.04600000000001,0.0,10.099
B1444,18.93,1.277,20.207,0.0,2.931
B2370,62.388,7.697,70.085,0.0,15.386
B2275,50.535,5.611,56.145999999999994,0.0,9.78
B1450,45.086,5.581,50.667,0.0,8.948
B2368,81.08,10.706,91.786,0.0,20.9
B2276,39.195,4.488,43.683,0.0,7.72
B2375,45.289,5.062,50.351,0.0,8.758
B1508,29.329,0.947,30.276,0.0,4.435
B3635,74.223,14.057,88.28,0.0,29.001
B1507,39.011,4.069,43.080000000000005,0.0,7.046
B3962,29.748,3.354,33.102000000000004,0.0,5.604
B1524,36.722,2.531,39.253,0.0,5.697
B1525,36.338,3.847,40.185,0.0,6.684
B1526,36.348,3.85,40.198,0.0,6.694
B3639,65.752,12.625,78.377,0.0,25.569
B2659,157.184,15.026,172.21,0.0,29.489
B1024,34.872,4.039,38.911,0.0,6.742
B1021,42.923,4.74,47.663000000000004,0.0,8.317
B1523,42.888,4.647,47.535,0.0,7.804
B1025,38.357,4.082,42.439,0.0,6.759
B2867,20.669,1.33,21.999000000000002,0.0,3.669
B1509,53.067,5.072,58.139,0.0,9.069
B1443,13.292,1.012,14.304,0.0,2.175
B1022,43.192,4.76,47.952,0.0,8.387
B2868,38.954,4.108,43.062,0.0,6.915
B1442,12.962,1.016,13.978,0.0,2.226
B3292,14.48,1.012,15.492,0.0,2.236
B3266,37.503,4.413,41.916,0.0,7.495
B1093,63.438,2.815,66.253,0.0,11.85
B3197,18.082,2.121,20.203,0.0,3.014
B1087,17.585,1.26,18.845000000000002,0.0,2.86
B1088,17.999,1.284,19.282999999999998,0.0,2.919
B3196,36.822,1.166,37.988,0.0,7.205
B1086,28.693,1.798,30.491,0.0,5.108
B3195,11.771,1.085,12.856000000000002,0.0,2.36
B3190,16.279,1.243,17.522,0.0,2.846
B1085,15.877,1.12,16.997,0.0,2.635
B1089,36.202,2.2,38.402,0.0,5.947
B3265,29.409,3.891,33.3,0.0,6.624
B3262,44.147,5.103,49.25,0.0,8.966
B3260,37.36,4.409,41.769,0.0,7.445
B3261,13.613,1.044,14.657,0.0,2.219
B3264,10.114,0.997,11.111,0.0,2.115
B1090,17.295,1.251,18.546000000000003,0.0,2.775
B1106,29.252,3.887,33.138999999999996,0.0,6.566
B1097,14.851,1.065,15.916,0.0,2.319
B3272,17.512,1.257,18.769000000000002,0.0,2.808
B1098,15.028,1.027,16.055,0.0,2.365
B3259,37.445,4.235,41.68,0.0,7.427
B1101,14.236,1.041,15.277000000000001,0.0,2.199
B3271,10.772,0.978,11.75,0.0,2.241
B3258,37.424,4.411,41.835,0.0,7.472
B3761,10.495,1.012,11.507,0.0,2.193
B3270,9.918,0.942,10.86,0.0,2.062
B3760,13.874,1.041,14.915000000000001,0.0,2.198
B3194,13.103,1.215,14.318,0.0,2.79
B1058,15.674,1.238,16.912,0.0,2.714
B3174,14.314,1.1,15.414,0.0,2.051
B3191,16.763,1.25,18.013,0.0,2.938
B3180,15.27,1.135,16.405,0.0,2.615
B1084,15.843,1.123,16.966,0.0,2.589
B1057,12.268,1.076,13.344000000000001,0.0,2.579
B3189,16.189,1.236,17.425,0.0,2.812
B1060,12.95,1.118,14.068,0.0,2.631
B3166,15.812,1.232,17.044,0.0,2.727
B3269,10.621,0.973,11.594000000000001,0.0,2.211
B3257,29.282,3.889,33.171,0.0,6.589
B3268,9.69,0.933,10.623,0.0,2.015
B3267,14.893,1.023,15.916,0.0,2.328
B3767,12.024,0.942,12.966,0.0,1.933
B1092,26.051,1.304,27.354999999999997,0.0,6.594
B3768,10.97,0.961,11.931000000000001,0.0,2.13
B3255,37.749,4.398,42.147000000000006,0.0,7.521
B3769,10.487,0.964,11.451,0.0,2.189
B3275,37.281,4.409,41.69,0.0,7.44
B3750,14.371,1.0,15.371,0.0,2.228
B3770,10.49,0.964,11.454,0.0,2.189
B3751,10.61,0.971,11.581,0.0,2.211
B1091,26.923,1.533,28.456,0.0,4.384
B3771,11.676,0.965,12.641,0.0,2.116
B3752,10.595,0.971,11.566,0.0,2.209
B3274,29.268,3.889,33.157000000000004,0.0,6.589
B3753,10.595,0.971,11.566,0.0,2.209
B1102,13.466,1.119,14.584999999999999,0.0,2.582
B1074,14.986,1.128,16.114,0.0,2.361
B3193,15.475,1.113,16.588,0.0,2.654
B1055,30.696,1.609,32.305,0.0,5.228
B3168,18.134,1.295,19.429000000000002,0.0,2.725
B3192,12.88,1.208,14.088000000000001,0.0,2.71
B1075,16.679,1.243,17.921999999999997,0.0,2.857
B1056,15.658,1.229,16.887,0.0,2.692
B3171,15.072,1.103,16.175,0.0,2.506
B1079,13.789,1.058,14.847,0.0,2.129
B1054,32.383,1.803,34.186,0.0,5.657
B1099,14.397,1.003,15.4,0.0,2.225
B3273,38.426,4.415,42.841,0.0,7.74
B3763,13.943,1.009,14.952,0.0,2.291
B3764,10.278,0.957,11.235000000000001,0.0,2.143
B3754,14.361,1.001,15.362,0.0,2.222
B3277,50.248,5.611,55.858999999999995,0.0,9.992
B3765,11.374,0.979,12.353,0.0,2.212
B3755,10.644,0.972,11.616,0.0,2.221
B3766,8.238,0.883,9.120999999999999,0.0,1.754
B3756,10.642,0.973,11.615,0.0,2.222
B1103,12.106,0.949,13.055,0.0,1.947
B3170,16.063,1.137,17.2,0.0,2.557
B3757,10.647,0.973,11.620000000000001,0.0,2.222
B4201,44.194,5.436,49.63,0.0,9.88
B3758,10.646,0.973,11.619000000000002,0.0,2.221
B1100,14.387,1.003,15.39,0.0,2.221
B3772,14.368,0.998,15.366,0.0,2.231
B1080,14.816,1.127,15.943000000000001,0.0,2.339
B4202,36.226,4.089,40.315,0.0,7.001
B2031,186.21,22.471,208.681,0.0,42.922
B2032,89.253,10.323,99.576,0.0,19.086
B3010,43.572,4.619,48.191,0.0,8.01
B1991,65.7,7.694,73.394,0.0,13.606
B2033,89.436,10.455,99.891,0.0,19.135
B3009,37.065,4.261,41.326,0.0,7.36
B1990,61.023,7.206,68.229,0.0,12.358
B3076,41.513,4.777,46.29,0.0,8.356
B3011,43.739,5.217,48.955999999999996,0.0,7.996
B3012,42.145,5.035,47.18000000000001,0.0,7.588
B1983,45.513,4.975,50.488,0.0,8.54
B1986,75.654,9.197,84.851,0.0,15.136
B3008,37.274,4.424,41.698,0.0,7.441
B1980,122.824,15.713,138.537,0.0,27.238
B2012,52.659,6.269,58.928,0.0,10.198
B2013,33.869,3.568,37.437,0.0,5.751
B3075,37.315,4.428,41.742999999999995,0.0,7.474
B1981,99.932,12.011,111.943,0.0,21.641
B3074,41.975,4.947,46.922000000000004,0.0,8.523
B3073,37.098,4.262,41.36,0.0,7.395
B2039,0.0,0.0,0.0,0.0,0.411
B3072,37.258,4.253,41.511,0.0,7.409
B3071,37.232,4.256,41.488,0.0,7.423
B2040,101.082,11.245,112.327,0.0,21.639
B1959,28.785,2.819,31.604,0.0,4.415
B3080,108.933,12.927,121.86000000000001,0.0,24.265
B2034,103.043,11.821,114.864,0.0,22.236
B2044,117.875,13.093,130.968,0.0,24.823
B2045,60.625,6.764,67.389,0.0,12.167
B2037,50.561,5.47,56.031,0.0,9.571
B2046,55.691,6.238,61.929,0.0,10.913
B2530,25.728,2.728,28.456000000000003,0.0,4.273
B2047,109.053,12.383,121.43599999999999,0.0,23.386
B3083,56.906,6.424,63.33,0.0,11.301
B2036,55.576,6.239,61.815,0.0,10.887
B1942,53.365,5.628,58.993,0.0,10.225
B2042,32.058,3.403,35.461,0.0,5.335
B1957,19.715,2.102,21.817,0.0,3.029
B2041,23.074,1.332,24.406000000000002,0.0,3.711
B1958,51.296,5.475,56.771,0.0,9.807
B1956,21.595,1.464,23.058999999999997,0.0,3.857
B2038,71.243,10.132,81.375,0.0,19.501
B1955,47.51,5.187,52.696999999999996,0.0,9.094
B2043,21.186,2.113,23.299,0.0,2.984
B2035,26.819,3.015,29.834,0.0,4.867
B2507,136.006,12.258,148.264,0.0,23.508
B2065,46.699,5.01,51.708999999999996,0.0,8.49
B2064,104.422,11.29,115.71199999999999,0.0,20.947
B2198,133.084,14.361,147.445,0.0,27.32
B2066,99.334,10.188,109.522,0.0,19.112
B2201,47.354,5.196,52.55,0.0,8.704
B2067,102.293,10.726,113.019,0.0,19.919
B2200,46.325,5.005,51.330000000000005,0.0,8.426
B2068,95.665,9.605,105.27000000000001,0.0,17.77
B1968,23.36,1.278,24.637999999999998,0.0,3.512
B3084,42.763,5.124,47.887,0.0,8.826
B2048,41.874,5.11,46.984,0.0,8.615
B1967,24.789,1.296,26.085,0.0,3.638
B1966,24.33,1.284,25.613999999999997,0.0,3.313
B1965,36.631,3.787,40.418,0.0,6.142
B2528,26.206,2.912,29.118,0.0,4.508
B1964,27.527,3.107,30.634,0.0,4.809
B1963,56.041,6.42,62.461,0.0,11.164
B2056,33.527,4.075,37.602000000000004,0.0,7.584
B2058,81.219,8.677,89.89599999999999,0.0,16.566
B2052,33.439,1.986,35.425,0.0,6.047
B2053,77.865,8.591,86.45599999999999,0.0,16.121
B2054,83.732,9.388,93.12,0.0,17.552
B2061,39.346,5.064,44.41,0.0,8.951
B2060,81.408,9.353,90.761,0.0,16.742
B1941,29.077,3.108,32.185,0.0,4.599
B1952,53.816,6.095,59.911,0.0,10.648
B2781,37.035,5.768,42.803,0.0,9.853
B1940,27.934,3.106,31.04,0.0,4.408
B1954,44.952,6.705,51.657,0.0,11.555
B2379,103.366,13.736,117.102,0.0,26.026
B2782,146.365,20.056,166.42100000000002,0.0,26.324
B2780,50.303,6.285,56.587999999999994,0.0,11.101
B2706,54.706,7.352,62.05800000000001,0.0,12.828
B2703,41.625,5.252,46.877,0.0,9.004
B2055,67.014,10.968,77.982,0.0,21.884
B2051,17.849,2.216,20.065,0.0,3.087
B2062,22.266,2.645,24.910999999999998,0.0,3.61
B2076,29.358,3.489,32.847,0.0,5.083
B2075,16.83,2.24,19.07,0.0,2.848
B2073,23.656,2.919,26.575,0.0,3.941
B2071,64.826,10.476,75.30199999999999,0.0,20.603
B2072,27.77,3.262,31.032,0.0,4.835
B2091,18.395,1.118,19.512999999999998,0.0,3.752
B2089,23.367,1.572,24.939,0.0,3.728
B1067,15.404,1.247,16.651,0.0,2.713
B1076,14.114,1.048,15.162,0.0,2.271
B3185,14.757,1.1,15.857,0.0,2.412
B3175,15.59,1.126,16.716,0.0,2.557
B1061,15.549,1.101,16.65,0.0,2.596
B3164,15.825,1.119,16.944,0.0,2.639
B1068,14.988,1.091,16.079,0.0,2.444
B1077,16.792,1.208,18.0,0.0,2.871
B1071,15.897,1.104,17.001,0.0,2.634
B3773,11.42,0.979,12.399,0.0,2.227
B3774,8.666,0.903,9.569,0.0,1.852
B3179,14.037,1.081,15.118,0.0,2.319
B3775,11.406,0.978,12.384,0.0,2.226
B3776,10.635,0.971,11.606,0.0,2.225
B4203,39.117,4.445,43.562,0.0,7.48
B3173,14.0,1.063,15.063,0.0,2.17
B1104,14.424,1.001,15.424999999999999,0.0,2.231
B1081,14.997,1.088,16.085,0.0,2.357
B4204,29.32,3.902,33.222,0.0,6.411
B3161,14.972,1.087,16.059,0.0,2.509
B1062,15.282,1.089,16.371,0.0,2.504
B2029,32.976,3.385,36.361,0.0,5.534
B3178,15.668,1.118,16.785999999999998,0.0,2.57
B1069,15.713,1.111,16.823999999999998,0.0,2.64
B3165,19.314,1.324,20.638,0.0,3.434
B1063,18.8,1.287,20.087,0.0,2.805
B1070,15.178,1.106,16.284000000000002,0.0,2.454
B3184,17.881,1.134,19.015,0.0,2.578
B3454,75.675,9.868,85.54299999999999,0.0,18.856
B1865,70.231,7.132,77.363,0.0,13.414
B3451,65.296,8.693,73.989,0.0,16.327
B3446,65.744,8.656,74.4,0.0,16.357
B2023,75.313,9.558,84.87100000000001,0.0,18.45
B3450,64.196,8.445,72.64099999999999,0.0,16.099
B3280,64.9,8.69,73.59,0.0,16.31
B3169,15.273,1.078,16.351,0.0,2.459
B1065,118.871,11.9,130.771,0.0,23.663
B1064,21.492,1.355,22.847,0.0,3.377
B1073,15.959,1.238,17.197,0.0,2.669
B3183,18.192,1.128,19.32,0.0,2.633
B3163,18.517,1.316,19.833,0.0,2.904
B2026,154.885,20.077,174.962,0.0,41.213
B1066,14.625,1.06,15.685,0.0,2.356
B2017,54.271,5.469,59.74,0.0,9.854
B1072,18.94,1.335,20.275000000000002,0.0,3.355
B1105,38.993,4.289,43.282000000000004,0.0,7.433
B1078,16.823,1.252,18.075,0.0,2.997
B1083,15.021,1.126,16.147000000000002,0.0,2.365
B3177,14.821,1.12,15.940999999999999,0.0,2.554
B3181,13.804,1.031,14.835,0.0,2.142
B1082,16.425,1.264,17.689,0.0,2.779
B3172,15.658,1.11,16.768,0.0,2.601
B4221,185.674,25.148,210.822,0.0,50.338
B3176,19.999,1.275,21.273999999999997,0.0,3.24
B2018,50.36,4.931,55.291,0.0,8.79
B3404,67.332,8.597,75.92899999999999,0.0,16.498
B2019,41.603,4.058,45.661,0.0,6.801
B3406,55.378,8.186,63.564,0.0,15.377
B2016,45.893,6.239,52.132,0.0,12.41
B1399,140.448,17.942,158.39000000000001,0.0,37.136
B1395,42.868,4.757,47.625,0.0,9.231
B1396,26.125,2.696,28.821,0.0,4.047
B3160,167.979,3.621,171.60000000000002,0.0,30.963
B2025,63.764,8.338,72.102,0.0,15.718
B2024,76.622,9.82,86.44200000000001,0.0,18.766
B3452,75.062,9.828,84.89,0.0,18.943
B3453,74.158,9.559,83.717,0.0,18.4
B2022,75.015,9.743,84.758,0.0,18.757
B1394,109.605,14.113,123.718,0.0,28.186
B1359,374.686,8.219,382.905,0.0,82.911
B3405,65.075,8.295,73.37,0.0,15.851
B3407,56.18,8.366,64.54599999999999,0.0,15.76
B1393,42.572,5.063,47.635000000000005,0.0,9.769
B3186,0.0,0.0,0.0,0.0,0.467
B2015,58.614,6.234,64.848,0.0,11.323
B2020,34.749,3.744,38.493,0.0,6.239
B3188,64.975,7.284,72.259,0.0,13.436
B2262,250.704,25.198,275.902,0.0,51.919
B1352,93.478,3.257,96.735,0.0,24.143
B2495,100.424,11.671,112.095,0.0,22.369
B1397,25.797,2.672,28.469,0.0,3.92
B3579,245.756,4.945,250.701,0.0,45.868
B2494,25.427,1.353,26.78,0.0,3.784
B1391,24.486,2.487,26.973,0.0,3.643
B1351,151.785,16.289,168.074,0.0,32.165
B1390,262.115,4.853,266.968,0.0,46.226
B1278,77.464,7.31,84.774,0.0,13.363
B3147,37.775,4.817,42.592,0.0,8.326
B3148,36.442,3.722,40.164,0.0,6.171
B3689,34.244,3.758,38.002,0.0,6.362
B1392,45.03,5.253,50.283,0.0,10.17
B2028,66.098,8.54,74.638,0.0,16.163
B3445,250.817,9.007,259.824,0.0,91.078
B1388,174.494,23.726,198.22,0.0,49.579
B1389,601.096,9.457,610.553,0.0,105.32
B1387,413.692,9.4,423.092,0.0,97.297
B3300,395.977,9.412,405.38899999999995,0.0,96.136
B1353,31.096,4.102,35.198,0.0,6.841
B3690,34.688,4.43,39.118,0.0,7.554
B3146,43.481,4.829,48.31,0.0,8.45
B1277,34.505,3.92,38.425000000000004,0.0,6.427
B1280,62.804,10.17,72.974,0.0,20.519
B3699,11.771,0.972,12.743,0.0,1.867
B1276,34.22,3.756,37.976,0.0,6.366
B3697,8.723,0.942,9.665000000000001,0.0,1.861
B3696,8.731,0.943,9.674,0.0,1.864
B3721,34.885,4.431,39.315999999999995,0.0,7.61
B1358,120.467,3.572,124.039,0.0,29.32
B3720,34.765,3.92,38.685,0.0,6.49
B1357,508.806,9.157,517.963,0.0,95.628
B3705,40.819,4.611,45.43,0.0,7.84
B3704,34.07,4.424,38.494,0.0,7.443
B1040,47.257,5.189,52.446,0.0,8.879
B3722,11.751,0.972,12.722999999999999,0.0,1.868
B1281,41.029,4.614,45.643,0.0,7.882
B3695,9.965,0.979,10.943999999999999,0.0,2.409
B3578,65.753,10.648,76.401,0.0,21.607
B3728,11.7,0.965,12.665,0.0,1.854
B3698,8.293,0.904,9.197,0.0,1.753
B3729,8.674,0.939,9.613,0.0,1.853
B3691,8.458,0.925,9.383000000000001,0.0,1.778
B3730,8.668,0.938,9.606,0.0,1.853
B3692,8.83,0.949,9.779,0.0,1.886
B1270,11.701,0.967,12.668000000000001,0.0,1.854
B3693,8.634,0.94,9.574,0.0,1.843
B1354,33.131,3.574,36.705,0.0,6.022
B1355,40.862,4.627,45.489000000000004,0.0,7.992
B2271,159.022,9.334,168.356,0.0,25.699
B3725,11.707,0.966,12.673,0.0,1.853
B3694,8.631,0.94,9.571,0.0,1.843
B3726,8.683,0.939,9.622,0.0,1.844
B3128,41.917,4.281,46.198,0.0,7.283
B1274,11.67,0.97,12.64,0.0,1.848
B3727,8.687,0.938,9.625,0.0,1.846
B3731,11.752,0.963,12.715,0.0,1.875
B3131,29.343,3.751,33.094,0.0,6.256
B1279,11.69,0.967,12.657,0.0,1.851
B3732,8.702,0.936,9.638,0.0,1.87
B1273,37.804,3.763,41.567,0.0,6.353
B3733,8.701,0.936,9.637,0.0,1.87
B1271,11.782,0.967,12.749,0.0,1.875
B3118,37.163,3.756,40.919,0.0,6.27
B3706,11.709,0.963,12.671999999999999,0.0,1.865
B1267,11.772,0.972,12.744,0.0,1.869
B3707,8.661,0.937,9.597999999999999,0.0,1.858
B1272,77.131,8.103,85.234,0.0,14.999
B3708,8.67,0.937,9.607,0.0,1.86
B1325,46.016,4.638,50.653999999999996,0.0,7.97
B3723,8.741,0.943,9.684,0.0,1.862
B3724,8.737,0.942,9.679,0.0,1.862
B1041,48.476,5.194,53.67,0.0,8.935
B3688,35.337,3.926,39.263000000000005,0.0,6.609
B3700,11.686,0.965,12.651,0.0,1.849
B3701,8.647,0.937,9.584,0.0,1.844
B3687,35.428,4.478,39.906,0.0,7.711
B3702,8.65,0.937,9.587,0.0,1.846
B1275,35.516,4.003,39.519,0.0,6.657
B3709,8.671,0.937,9.607999999999999,0.0,1.86
B1268,15.333,1.048,16.381,0.0,2.274
B3710,8.662,0.937,9.599,0.0,1.858
B3739,8.728,0.944,9.672,0.0,1.879
B3711,8.668,0.937,9.604999999999999,0.0,1.86
B3738,8.691,0.942,9.633000000000001,0.0,1.867
B1269,11.759,0.971,12.73,0.0,1.869
B1261,40.811,6.358,47.169,0.0,11.623
B3737,8.662,0.941,9.603000000000002,0.0,1.856
B3703,8.641,0.936,9.577,0.0,1.844
B1266,15.104,1.042,16.146,0.0,2.221
B3744,11.682,0.966,12.648,0.0,1.851
B3745,8.669,0.939,9.608,0.0,1.846
B3746,8.667,0.938,9.605,0.0,1.846
B3740,11.561,0.96,12.521,0.0,1.83
B1263,9.195,0.667,9.862,0.0,1.668
B3741,8.574,0.933,9.507,0.0,1.823
B3713,11.686,0.967,12.653,0.0,1.851
B3742,8.579,0.934,9.513,0.0,1.824
B1401,315.657,6.915,322.572,0.0,65.495
B3671,630.378,12.484,642.8620000000001,0.0,133.73
B4196,11.589,0.269,11.858,0.0,3.502
B2208,206.289,24.308,230.59699999999998,0.0,48.15
B3457,327.042,7.185,334.227,0.0,72.221
B1291,323.825,6.992,330.817,0.0,66.483
B1287,83.42,13.728,97.148,0.0,28.319
B4099,54.161,8.407,62.568,0.0,16.896
B3613,278.377,4.143,282.52,0.0,73.561
B4100,41.834,7.581,49.415000000000006,0.0,15.191
B4102,64.042,11.669,75.711,0.0,23.696
B4101,45.386,8.323,53.709,0.0,16.017
B4103,35.457,7.305,42.762,0.0,14.416
B1282,227.12,3.81,230.93,0.0,65.463
B3614,219.428,5.546,224.974,0.0,50.761
B3416,45.915,5.597,51.512,0.0,9.452
B2189,45.373,5.587,50.959999999999994,0.0,9.312
B3418,49.853,5.719,55.572,0.0,9.537
B2188,148.806,15.551,164.357,0.0,30.351
B2190,46.301,5.891,52.192,0.0,9.696
B4104,0.0,20.894,20.894,0.0,8.829
B3159,270.842,5.902,276.74399999999997,0.0,56.338
B3308,77.044,13.881,90.925,0.0,28.309
B1285,125.578,12.464,138.042,0.0,23.062
B4106,231.49,5.902,237.392,0.0,51.924
B1294,60.133,5.787,65.92,0.0,9.862
B1298,86.829,8.593,95.422,0.0,15.913
B2203,81.114,9.123,90.23700000000001,0.0,16.406
B2103,75.589,9.671,85.25999999999999,0.0,16.898
B2104,15.948,1.254,17.202,0.0,2.205
B3415,52.372,6.113,58.485,0.0,10.197
B2192,45.043,5.911,50.954,0.0,9.623
B2107,61.82,8.322,70.142,0.0,15.077
B2193,144.2,15.323,159.523,0.0,28.806
B3421,52.87,6.078,58.948,0.0,10.167
B2191,45.749,4.896,50.645,0.0,7.844
B1299,103.571,10.122,113.693,0.0,19.305
B1293,43.049,9.292,52.341,0.0,6.473
B1297,658.02,13.075,671.095,0.0,138.896
B1295,454.566,12.047,466.613,0.0,48.441
B3158,73.638,8.802,82.44,0.0,17.372
B3157,73.566,8.802,82.368,0.0,17.372
B1301,205.498,24.421,229.91899999999998,0.0,51.395
B3284,0.0,0.0,0.0,0.0,9.277
B1302,240.282,31.826,272.108,0.0,67.073
B1303,73.659,8.802,82.46100000000001,0.0,17.366
B3156,73.664,8.802,82.46600000000001,0.0,17.37
B2214,18.833,1.251,20.084,0.0,2.712
B3431,27.719,2.552,30.271,0.0,3.845
B2187,56.203,6.07,62.273,0.0,10.545
B3420,50.713,5.897,56.61,0.0,9.744
B2186,56.905,6.066,62.971000000000004,0.0,10.572
B2173,54.916,5.864,60.779999999999994,0.0,10.001
B2185,177.448,18.708,196.156,0.0,36.855
B2171,55.602,6.084,61.68599999999999,0.0,10.162
B2172,62.246,7.554,69.8,0.0,14.054
B2181,50.735,5.457,56.192,0.0,9.0
B2609,25.206,1.96,27.166,0.0,12.087
B2057,34.304,4.24,38.544000000000004,0.0,7.814
B1961,44.763,4.85,49.613,0.0,8.226
B1962,42.717,4.833,47.55,0.0,7.681
B1960,54.754,6.027,60.781,0.0,10.718
B1936,111.904,15.089,126.993,0.0,30.403
B2070,49.923,5.523,55.446,0.0,9.776
B1971,48.724,6.661,55.385,0.0,13.077
B3425,42.586,4.501,47.086999999999996,0.0,7.232
B2196,51.194,5.739,56.933,0.0,9.698
B2069,102.957,11.44,114.39699999999999,0.0,20.707
B2049,34.649,4.083,38.732,0.0,6.593
B2534,36.685,1.859,38.544000000000004,0.0,6.06
B3419,34.653,4.084,38.736999999999995,0.0,6.59
B3623,135.548,0.0,135.548,0.0,10.738
B2074,76.242,8.983,85.22500000000001,0.0,15.598
B2088,53.684,5.841,59.525,0.0,10.347
B2098,30.175,3.546,33.721000000000004,0.0,5.357
B2090,22.258,2.618,24.875999999999998,0.0,3.834
B2082,51.632,5.781,57.413,0.0,10.135
B2093,32.483,3.52,36.003,0.0,5.447
B2094,39.762,4.202,43.964,0.0,6.976
B2524,49.184,6.09,55.274,0.0,10.587
B2099,28.047,1.766,29.813000000000002,0.0,4.342
B2100,62.207,8.456,70.663,0.0,16.254
B2206,78.659,8.807,87.46600000000001,0.0,15.715
B2205,77.227,8.591,85.818,0.0,15.269
B2207,123.079,14.079,137.158,0.0,26.406
B4171,0.0,0.0,0.0,0.0,0.607
B2204,79.108,8.805,87.91300000000001,0.0,15.824
B4170,0.0,0.0,0.0,0.0,0.655
B2102,38.864,4.782,43.646,0.0,7.598
B2086,77.674,1.911,79.58500000000001,0.0,18.533
B1976,70.988,7.7,78.688,0.0,13.917
B1977,59.19,6.338,65.52799999999999,0.0,11.183
B2084,37.731,4.044,41.775,0.0,6.498
B2087,51.916,5.452,57.367999999999995,0.0,9.494
B1975,89.04,9.788,98.828,0.0,18.185
B1970,99.07,10.346,109.416,0.0,19.18
B2520,75.959,9.108,85.06700000000001,0.0,16.954
B1927,64.497,6.561,71.05799999999999,0.0,11.565
B1906,74.725,9.34,84.065,0.0,18.584
B2083,47.95,9.239,57.18900000000001,0.0,12.004
B2101,34.711,4.238,38.949,0.0,6.718
B1000,138.028,9.166,147.194,0.0,25.028
B1001,198.513,10.435,208.948,0.0,29.582
B3413,30.894,2.263,33.157,0.0,4.827
B3417,39.099,4.788,43.887,0.0,7.674
B2525,43.017,12.496,55.513000000000005,0.0,5.213
B2085,67.415,8.62,76.03500000000001,0.0,15.793
B2523,47.309,5.984,53.293,0.0,10.402
B2522,37.778,5.445,43.223,0.0,9.439
B2521,44.959,5.778,50.737,0.0,9.964
B3676,126.409,6.743,133.15200000000002,0.0,19.376
B3675,128.71,33.486,162.196,0.0,13.217
B1002,621.616,29.158,650.774,0.0,89.863
B2105,74.055,7.717,81.772,0.0,14.031
B2078,74.405,7.717,82.122,0.0,14.093
B2096,63.057,6.607,69.664,0.0,11.372
B2106,187.601,3.88,191.481,0.0,33.643
B2079,60.132,9.512,69.644,0.0,17.644
B2380,39.726,4.399,44.125,0.0,7.177
B1928,25.017,2.569,27.586,0.0,3.654
B1929,49.344,7.41,56.754000000000005,0.0,14.878
B2502,28.673,2.729,31.401999999999997,0.0,4.103
B2097,53.612,1.458,55.07,0.0,10.138
B2505,185.345,19.095,204.44,0.0,53.119
B2080,101.004,11.747,112.751,0.0,21.779
B2581,140.045,15.974,156.01899999999998,0.0,31.445
B1045,222.062,5.791,227.853,0.0,49.641
B1256,307.333,6.173,313.50600000000003,0.0,59.471
B3926,11.98,0.86,12.84,0.0,1.418
B2501,41.145,1.842,42.987,0.0,6.613
B1933,23.579,2.241,25.82,0.0,3.367
B3917,177.947,4.028,181.975,0.0,31.417
B2645,39.551,3.916,43.467,0.0,6.311
B2110,126.034,3.071,129.10500000000002,0.0,21.942
B2111,56.928,1.314,58.242,0.0,10.307
B3253,39.494,4.178,43.672,0.0,6.488
B3246,30.1,3.741,33.841,0.0,5.866
B3249,21.988,2.965,24.953,0.0,4.252
B3244,29.762,3.727,33.489,0.0,5.79
B3243,30.961,3.296,34.257,0.0,4.673
B3252,35.39,4.076,39.466,0.0,6.593
B3242,23.808,3.193,27.001,0.0,4.626
B2081,81.311,8.512,89.82300000000001,0.0,15.178
B3297,57.822,1.63,59.452000000000005,0.0,11.897
B1306,328.61,8.151,336.761,0.0,88.443
B1343,46.295,5.214,51.509,0.0,9.14
B1305,153.844,62.189,216.033,0.0,47.864
B4107,43.791,5.051,48.842,0.0,8.591
B3155,42.434,3.112,45.546,0.0,10.255
B2225,26.29,3.109,29.399,0.0,4.017
B1347,192.287,4.414,196.701,0.0,38.043
B1344,105.929,9.978,115.907,0.0,19.137
B3245,29.239,3.797,33.036,0.0,5.718
B2180,61.247,1.683,62.93,0.0,12.518
B3236,32.537,3.297,35.833999999999996,0.0,4.874
B3651,48.79,7.817,56.607,0.0,14.943
B3247,29.748,3.78,33.528,0.0,5.786
B3254,41.84,4.725,46.565000000000005,0.0,7.612
B3251,29.918,3.795,33.713,0.0,5.837
B3248,27.436,3.298,30.734,0.0,4.927
B3250,30.218,3.822,34.04,0.0,5.909
B2170,36.821,4.433,41.254,0.0,6.858
B3559,65.553,10.907,76.46,0.0,21.946
B3387,57.262,7.135,64.397,0.0,12.64
B2586,41.485,5.935,47.42,0.0,10.32
B3658,40.522,5.532,46.054,0.0,9.464
B2588,77.351,9.441,86.792,0.0,17.199
B3659,90.01,11.744,101.754,0.0,22.569
B2123,79.913,8.786,88.699,0.0,16.642
B2583,45.573,5.927,51.5,0.0,10.036
B4128,40.832,4.684,45.516,0.0,7.611
B2176,154.448,18.07,172.518,0.0,34.233
B2223,166.927,19.507,186.434,0.0,37.846
B1004,150.225,7.96,158.185,0.0,22.322
B2184,127.88,17.206,145.08599999999998,0.0,33.875
B2175,86.795,8.798,95.593,0.0,15.344
B4112,27.481,1.238,28.719,0.0,5.93
B1342,221.948,24.36,246.308,0.0,48.944
B2607,51.069,6.018,57.087,0.0,10.584
B1346,25.182,1.702,26.884,0.0,4.052
B2177,58.299,6.508,64.807,0.0,11.025
B3111,20.901,1.385,22.286,0.0,3.406
B3107,279.589,6.113,285.702,0.0,57.724
B1345,90.761,9.807,100.568,0.0,18.73
B1348,104.998,13.666,118.664,0.0,26.092
B2378,29.842,2.915,32.757,0.0,4.409
B1323,49.124,13.281,62.405,0.0,9.599
B3432,219.855,4.787,224.642,0.0,41.364
B1319,119.635,3.221,122.85600000000001,0.0,24.175
B2219,0.0,0.0,0.0,0.0,2.657
B2231,340.489,6.838,347.327,0.0,66.505
B2227,484.605,9.745,494.35,0.0,99.833
B3367,18.544,2.113,20.657,0.0,2.966
B2383,46.895,5.608,52.503,0.0,9.625
B1341,82.663,9.958,92.621,0.0,17.951
B1339,62.562,6.947,69.509,0.0,12.002
B3556,31.232,3.62,34.852,0.0,5.904
B2384,48.356,6.294,54.65,0.0,11.197
B3557,34.892,4.584,39.476,0.0,7.596
B3570,99.307,14.978,114.285,0.0,30.897
B2239,247.935,4.353,252.288,0.0,68.529
B1324,74.715,7.816,82.531,0.0,14.399
B3569,38.764,6.65,45.414,0.0,12.892
B3571,76.055,12.372,88.427,0.0,25.185
B3568,0.0,26.894,26.894,0.0,6.51
B1368,117.167,20.356,137.523,0.0,42.521
B3567,50.269,9.401,59.67,0.0,18.587
B2385,65.147,7.322,72.46900000000001,0.0,13.13
B1340,40.931,4.56,45.491,0.0,7.247
B2608,80.409,9.333,89.742,0.0,17.027
B1318,62.953,7.072,70.025,0.0,12.119
B2386,24.794,2.946,27.740000000000002,0.0,4.541
B4141,32.78,5.324,38.104,0.0,10.241
B2387,36.503,4.317,40.82,0.0,7.089
B2613,77.583,11.494,89.077,0.0,23.391
B4142,24.166,4.823,28.989,0.0,8.864
B2389,35.177,4.147,39.324,0.0,6.787
B2587,173.198,3.816,177.014,0.0,31.651
B3922,52.643,7.339,59.982,0.0,12.889
B1258,69.678,6.909,76.587,0.0,12.602
B3920,60.992,6.512,67.50399999999999,0.0,10.769
B3918,104.034,13.646,117.68,0.0,25.717
B3919,87.957,10.395,98.35199999999999,0.0,19.266
B1255,181.278,4.842,186.12,0.0,39.466
B2580,56.67,9.01,65.68,0.0,15.568
B2109,250.545,30.964,281.509,0.0,62.254
B1897,164.123,29.983,194.106,0.0,63.448
B3683,76.543,11.43,87.97300000000001,0.0,21.896
B3682,31.503,3.589,35.092,0.0,6.328
B3626,47.843,8.787,56.63,0.0,17.05
B1898,491.757,9.698,501.455,0.0,101.136
B1896,26.653,2.861,29.514,0.0,4.581
B1899,50.84,5.046,55.886,0.0,8.529
B1884,78.465,13.379,91.84400000000001,0.0,27.497
B3887,35.537,6.405,41.942,0.0,12.61
B2627,138.027,16.38,154.40699999999998,0.0,32.113
B2178,82.256,8.419,90.675,0.0,15.475
B2174,33.048,3.61,36.658,0.0,5.578
B1338,61.768,6.931,68.699,0.0,11.827
B2182,53.925,5.983,59.907999999999994,0.0,10.116
B4126,44.505,4.912,49.417,0.0,8.071
B1337,64.18,7.292,71.47200000000001,0.0,12.53
B2183,46.894,5.376,52.269999999999996,0.0,9.134
B4125,39.701,4.851,44.552,0.0,8.023
B1373,86.178,10.258,96.43599999999999,0.0,18.751
B2579,331.193,6.972,338.16499999999996,0.0,62.282
B2112,57.519,6.26,63.778999999999996,0.0,10.799
B2585,36.796,4.061,40.857,0.0,5.839
B3480,16.735,1.399,18.134,0.0,7.308
B2114,32.343,3.516,35.859,0.0,5.455
B2582,35.819,3.954,39.773,0.0,6.176
B2113,129.445,14.552,143.99699999999999,0.0,28.05
B2643,26.246,2.81,29.055999999999997,0.0,4.098
B2115,41.704,4.111,45.815,0.0,6.458
B2116,34.19,3.943,38.132999999999996,0.0,6.071
B2632,706.418,13.187,719.605,0.0,147.327
B1886,106.487,12.771,119.258,0.0,24.198
B3916,62.836,7.843,70.679,0.0,14.472
B2628,78.66,8.878,87.538,0.0,16.317
B2626,134.268,15.16,149.428,0.0,29.69
B2584,70.634,7.982,78.616,0.0,14.315
B1883,110.073,13.781,123.854,0.0,26.314
B2120,62.588,6.163,68.751,0.0,10.948
B1885,151.376,18.148,169.524,0.0,35.626
B2118,27.659,3.113,30.772,0.0,4.689
B2641,39.608,4.138,43.745999999999995,0.0,6.737
B1123,80.012,4.024,84.036,0.0,36.317
B2117,27.524,3.399,30.923000000000002,0.0,5.199
B2642,45.066,4.447,49.513000000000005,0.0,7.377
B2119,114.551,13.236,127.787,0.0,24.98
B2122,40.649,5.998,46.647,0.0,10.044
B1017,157.86,18.939,176.799,0.0,36.396
B2575,50.655,6.319,56.974000000000004,0.0,10.965
B2576,90.295,11.629,101.924,0.0,22.211
B3351,41.394,4.669,46.062999999999995,0.0,7.809
B4130,31.091,8.04,39.131,0.0,5.678
B4122,38.121,4.362,42.483000000000004,0.0,7.085
B1374,45.178,12.049,57.227,0.0,8.652
B1381,49.071,5.664,54.735,0.0,9.327
B1378,51.144,6.79,57.934,0.0,12.303
B1383,38.141,4.363,42.504,0.0,7.085
B3117,45.738,5.624,51.362,0.0,9.882
B1380,49.79,5.323,55.113,0.0,8.614
B1376,40.035,5.618,45.653,0.0,9.716
B3985,9.326,1.04,10.366,0.0,5.1
B2121,36.056,1.876,37.931999999999995,0.0,5.429
B1882,62.369,9.439,71.80799999999999,0.0,17.039
B1881,56.698,7.42,64.118,0.0,13.481
B3987,74.141,10.782,84.923,0.0,19.943
B1895,30.765,1.413,32.178,0.0,3.954
B2630,21.797,2.731,24.528,0.0,4.185
B1894,28.208,2.519,30.726999999999997,0.0,3.699
B3988,22.756,3.079,25.835,0.0,4.836
B3981,40.72,5.819,46.539,0.0,9.495
B2647,19.136,1.046,20.182,0.0,3.527
B2577,91.313,9.052,100.36500000000001,0.0,16.394
B2108,43.791,4.384,48.175,0.0,7.143
B3116,63.279,7.619,70.898,0.0,13.322
B1375,49.066,5.314,54.38,0.0,9.05
B1237,55.28,5.248,60.528,0.0,8.951
B1236,60.393,6.057,66.45,0.0,10.458
B4121,18.53,2.34,20.87,0.0,3.149
B1384,35.335,4.404,39.739000000000004,0.0,6.87
B2296,80.351,13.079,93.43,0.0,26.197
B1379,47.679,4.962,52.641000000000005,0.0,8.077
B1385,48.904,4.809,53.713,0.0,7.762
B2377,42.177,6.685,48.862,0.0,11.507
B4131,0.0,0.0,0.0,0.0,0.624
B4133,50.291,5.485,55.775999999999996,0.0,9.541
B3129,68.088,7.608,75.696,0.0,13.842
B1327,73.937,12.764,86.701,0.0,24.962
B3127,74.727,14.597,89.324,0.0,28.244
B3124,35.646,6.462,42.108000000000004,0.0,11.577
B3714,8.492,1.47,9.962000000000002,0.0,1.845
B3743,8.58,0.934,9.514,0.0,1.824
B3715,8.649,0.939,9.588,0.0,1.846
B1264,11.657,0.965,12.622,0.0,1.851
B1265,11.58,0.962,12.542,0.0,1.829
B1262,8.652,0.938,9.59,0.0,1.847
B3749,8.653,0.937,9.59,0.0,1.845
B3712,8.421,0.924,9.344999999999999,0.0,1.779
B3748,8.651,0.937,9.588,0.0,1.844
B3716,8.39,0.905,9.295,0.0,1.772
B3736,8.64,0.94,9.58,0.0,1.846
B3135,45.042,6.78,51.822,0.0,12.447
B3735,12.098,1.025,13.123000000000001,0.0,2.206
B3139,33.531,4.851,38.382,0.0,8.74
B3734,11.59,0.968,12.558,0.0,1.83
B3125,47.017,7.066,54.083000000000006,0.0,13.05
B3138,27.621,5.03,32.650999999999996,0.0,8.961
B3140,44.508,6.616,51.124,0.0,12.349
B3120,41.401,6.267,47.668000000000006,0.0,11.373
B3142,47.315,1.956,49.271,0.0,10.248
B3747,11.681,0.967,12.648,0.0,1.85
B3719,8.735,0.942,9.677,0.0,1.871
B3718,8.571,1.471,10.042,0.0,1.869
B3717,11.78,0.972,12.751999999999999,0.0,1.872
B1283,60.521,7.332,67.853,0.0,13.417
B3143,46.016,1.917,47.933,0.0,9.878
B1284,436.282,5.659,441.941,0.0,114.219
B1259,116.535,15.318,131.853,0.0,29.007
B3122,67.713,8.349,76.062,0.0,15.069
B3437,342.48,4.13,346.61,0.0,77.608
B3126,51.056,9.145,60.20099999999999,0.0,17.029
B3119,32.191,4.146,36.337,0.0,6.827
B2261,190.662,4.44,195.102,0.0,38.551
B2257,168.294,22.623,190.917,0.0,44.334
B3152,63.621,7.037,70.658,0.0,12.605
B3151,74.439,11.38,85.81899999999999,0.0,21.412
B2266,83.731,11.639,95.36999999999999,0.0,21.873
B2264,25.492,2.967,28.459,0.0,4.306
B3137,54.257,7.175,61.431999999999995,0.0,13.055
B3130,71.67,29.135,100.805,0.0,21.85
B3141,141.602,17.534,159.136,0.0,33.864
B3134,44.053,6.69,50.742999999999995,0.0,12.191
B1260,141.667,17.537,159.204,0.0,33.899
B3121,82.403,9.855,92.25800000000001,0.0,18.069
B1326,83.554,9.831,93.385,0.0,18.095
B3123,83.883,9.854,93.737,0.0,18.071
B2268,93.242,12.921,106.16300000000001,0.0,24.693
B2252,75.506,7.078,82.584,0.0,12.962
B2254,81.107,7.717,88.824,0.0,13.938
B3668,94.285,4.438,98.723,0.0,43.353
B3669,168.471,32.641,201.112,0.0,69.185
B3670,53.665,11.506,65.17099999999999,0.0,23.069
B3096,32.96,3.868,36.828,0.0,5.129
B2456,24.898,4.219,29.117,0.0,7.517
B3099,0.0,0.0,0.0,0.0,1.252
B3547,25.026,4.214,29.240000000000002,0.0,7.473
B2452,23.168,4.245,27.413,0.0,7.271
B2448,8.879,2.528,11.407,0.0,2.101
B2453,31.605,4.946,36.551,0.0,8.985
B1180,105.818,7.044,112.862,0.0,24.016
B3548,21.529,3.523,25.052,0.0,6.106
B2213,41.425,0.709,42.134,0.0,10.022
B2230,107.441,2.842,110.283,0.0,19.504
B2241,0.0,0.0,0.0,0.0,0.983
B3564,47.4,7.395,54.795,0.0,14.431
B3563,203.113,32.952,236.065,0.0,69.743
B2244,44.796,0.712,45.508,0.0,10.624
B4164,265.415,4.907,270.322,0.0,73.924
B3108,315.506,10.845,326.351,0.0,108.029
B4143,39.308,6.105,45.413,0.0,12.035
B2391,24.831,3.14,27.971,0.0,4.626
B2612,56.721,10.017,66.738,0.0,19.838
B2388,29.9,3.178,33.077999999999996,0.0,4.896
B2497,25.27,3.186,28.456,0.0,4.662
B2390,44.07,4.855,48.925,0.0,8.153
B1311,36.415,4.534,40.949,0.0,7.126
B4114,43.209,4.725,47.934000000000005,0.0,8.068
B1312,42.273,4.752,47.025000000000006,0.0,7.468
B2611,58.271,10.34,68.611,0.0,20.399
B3621,269.212,7.523,276.735,0.0,76.375
B3566,29.516,6.488,36.004,0.0,12.428
B3565,88.889,15.639,104.52799999999999,0.0,31.972
B2382,305.161,6.798,311.959,0.0,72.312
B3667,53.63,11.507,65.137,0.0,23.133
B3110,87.055,16.432,103.48700000000001,0.0,33.81
B3352,57.598,6.722,64.32,0.0,11.69
B1122,106.468,14.209,120.677,0.0,27.007
B1372,32.635,3.806,36.440999999999995,0.0,6.19
B1371,201.479,4.291,205.77,0.0,35.934
B3347,51.875,6.144,58.019,0.0,10.286
B1382,61.678,6.65,68.328,0.0,11.913
B4123,40.995,4.516,45.510999999999996,0.0,7.739
B1370,39.544,4.523,44.06699999999999,0.0,7.533
B1317,31.031,3.49,34.521,0.0,5.123
B1310,40.858,4.556,45.413999999999994,0.0,7.252
B1331,40.675,4.545,45.22,0.0,7.211
B2622,55.022,9.833,64.855,0.0,19.408
B1313,42.27,4.745,47.015,0.0,7.475
B1307,40.752,4.557,45.309000000000005,0.0,7.226
B1332,40.603,4.544,45.147,0.0,7.2
B1330,56.317,10.002,66.319,0.0,19.707
B1314,42.253,4.745,46.998,0.0,7.474
B1308,40.722,4.557,45.279,0.0,7.218
B1333,40.716,4.54,45.256,0.0,7.227
B2619,59.763,10.191,69.954,0.0,20.134
B1386,55.894,5.935,61.829,0.0,9.948
B1315,42.219,4.746,46.965,0.0,7.467
B3311,36.504,4.535,41.039,0.0,7.157
B1361,63.556,9.264,72.82,0.0,18.694
B1334,40.632,4.542,45.174,0.0,7.206
B1309,25.033,3.184,28.217000000000002,0.0,4.61
B1316,42.303,4.754,47.056999999999995,0.0,7.485
B3593,63.08,8.198,71.27799999999999,0.0,16.239
B3663,208.451,3.211,211.662,0.0,56.62
B3664,87.533,16.433,103.96600000000001,0.0,33.849
B2293,13.776,1.211,14.987,0.0,1.39
B2242,58.158,0.787,58.945,0.0,13.803
B3383,78.741,9.746,88.487,0.0,17.682
B1328,58.47,7.511,65.981,0.0,14.698
B1335,40.696,4.542,45.238,0.0,7.222
B1329,41.615,4.97,46.585,0.0,8.302
B4115,52.529,7.343,59.872,0.0,12.785
B4113,24.872,2.929,27.801,0.0,4.565
B1336,50.913,5.564,56.477,0.0,9.348
B4116,59.209,7.177,66.386,0.0,12.43
B4117,68.565,7.402,75.967,0.0,13.459
B3382,45.401,5.963,51.364000000000004,0.0,9.925
B2297,92.593,15.856,108.449,0.0,32.011
B4120,32.996,5.019,38.015,0.0,8.255
B4134,58.096,6.519,64.615,0.0,10.686
B1254,33.292,5.021,38.313,0.0,8.33
B1377,49.656,5.39,55.046,0.0,8.535
B4119,45.79,7.297,53.086999999999996,0.0,12.554
B4118,153.054,4.223,157.27700000000002,0.0,35.508
B2462,0.0,0.0,0.0,0.0,5.389
B2450,461.029,8.803,469.832,0.0,87.552
B4150,81.694,1.684,83.378,0.0,14.08
B2210,61.34,1.576,62.916000000000004,0.0,11.903
B1150,58.346,5.812,64.158,0.0,10.185
B1153,37.439,4.029,41.468,0.0,6.584
B1149,35.625,3.831,39.456,0.0,6.122
B1151,36.532,3.835,40.367,0.0,6.35
B1148,36.47,3.832,40.302,0.0,6.335
B1143,40.007,4.102,44.108999999999995,0.0,6.704
B1135,12.669,1.078,13.747,0.0,2.06
B1142,40.95,4.777,45.727000000000004,0.0,8.111
B3960,9.848,1.058,10.906,0.0,2.054
B2638,33.095,3.764,36.859,0.0,6.098
B1889,22.181,3.247,25.428,0.0,5.0
B3984,89.048,13.347,102.395,0.0,25.34
B1893,28.915,1.847,30.762,0.0,5.717
B2624,123.305,2.352,125.65700000000001,0.0,27.172
B1892,29.21,3.3,32.51,0.0,5.168
B2126,119.865,17.541,137.406,0.0,34.331
B2618,32.306,3.703,36.009,0.0,5.891
B2128,49.436,5.093,54.528999999999996,0.0,8.823
B1241,27.807,3.673,31.479999999999997,0.0,5.825
B1240,32.154,3.487,35.641000000000005,0.0,5.39
B3610,15.229,1.174,16.403,0.0,2.657
B1238,15.234,1.281,16.515,0.0,2.658
B2127,37.417,3.602,41.019,0.0,5.747
B1239,14.956,1.167,16.123,0.0,2.589
B3609,14.949,1.164,16.113,0.0,2.587
B2129,47.051,4.024,51.075,0.0,6.911
B1121,36.697,4.366,41.063,0.0,7.389
B2617,41.394,4.384,45.778,0.0,7.39
B2615,36.755,3.314,40.069,0.0,5.222
B1144,27.746,3.138,30.884,0.0,4.87
B2623,63.334,7.186,70.52000000000001,0.0,13.07
B2614,24.452,2.537,26.989,0.0,3.636
B1145,23.425,2.728,26.153000000000002,0.0,4.207
B2616,30.044,3.431,33.475,0.0,5.357
B4001,23.452,2.742,26.194000000000003,0.0,4.196
B1888,36.781,3.884,40.665,0.0,6.26
B3983,45.055,5.915,50.97,0.0,10.555
B2125,42.903,5.029,47.932,0.0,8.505
B3982,48.356,6.578,54.934000000000005,0.0,11.356
B3680,43.088,5.033,48.121,0.0,8.536
B1119,198.437,21.181,219.61800000000002,0.0,43.312
B2629,43.144,5.083,48.227,0.0,8.702
B2621,29.803,3.264,33.067,0.0,5.16
B3681,43.535,5.088,48.623,0.0,8.792
B2634,30.397,3.098,33.495,0.0,4.783
B3229,47.493,1.408,48.901,0.0,10.121
B2124,24.387,2.571,26.958000000000002,0.0,3.644
B2131,31.431,3.64,35.071,0.0,5.694
B2130,36.107,3.636,39.743,0.0,5.953
B1146,122.129,12.524,134.653,0.0,24.037
B2648,33.298,3.62,36.918,0.0,5.907
B2610,31.36,3.273,34.633,0.0,5.051
B1126,35.284,4.243,39.527,0.0,6.793
B2132,18.997,2.721,21.718,0.0,4.143
B4000,23.476,2.727,26.203,0.0,4.205
B2620,27.664,3.265,30.929000000000002,0.0,5.053
B2637,18.676,2.537,21.212999999999997,0.0,3.889
B3679,48.478,5.755,54.233000000000004,0.0,9.623
B2625,24.359,2.713,27.072000000000003,0.0,4.015
B2133,57.031,6.7,63.731,0.0,11.612
B2136,25.189,2.486,27.675,0.0,3.269
B1147,23.481,2.743,26.224,0.0,4.199
B2135,28.438,1.109,29.546999999999997,0.0,4.863
B2489,23.551,2.897,26.447999999999997,0.0,4.219
B3996,23.499,2.877,26.375999999999998,0.0,4.209
B2487,29.708,3.602,33.309999999999995,0.0,5.663
B3997,32.626,3.954,36.58,0.0,6.256
B1243,577.052,12.066,589.118,0.0,126.448
B1242,515.82,10.849,526.6690000000001,0.0,107.079
B3381,91.935,9.476,101.411,0.0,17.623
B2021,95.579,10.638,106.217,0.0,19.903
B2287,232.866,26.444,259.31,0.0,54.52
B3835,0.0,0.0,0.0,0.0,1.315
B3834,318.053,7.959,326.012,0.0,73.333
B3836,0.0,0.0,0.0,0.0,1.311
B3837,333.876,7.96,341.83599999999996,0.0,73.354
B3841,57.738,6.029,63.766999999999996,0.0,10.591
B3058,50.698,6.17,56.868,0.0,10.662
B1160,45.547,5.04,50.586999999999996,0.0,8.455
B4149,16.541,0.698,17.239,0.0,3.134
B4151,242.773,4.349,247.12199999999999,0.0,48.913
B4147,26.777,3.637,30.414,0.0,6.714
B4148,24.109,3.276,27.385,0.0,5.768
B4145,23.153,3.636,26.788999999999998,0.0,6.662
B4146,23.16,3.635,26.795,0.0,6.643
B4144,16.009,2.387,18.396,0.0,4.209
B4153,20.801,2.734,23.534999999999997,0.0,4.688
B4160,0.0,0.0,0.0,0.0,0.699
B4135,53.898,8.931,62.829,0.0,17.486
B4136,71.563,11.93,83.493,0.0,23.922
B3346,380.285,7.748,388.033,0.0,73.37
B2506,0.0,0.0,0.0,0.0,5.552
B4161,0.0,0.0,0.0,0.0,0.458
B3063,39.71,4.272,43.982,0.0,6.897
B2161,40.625,4.443,45.068,0.0,7.144
B2162,42.167,4.633,46.800000000000004,0.0,7.679
B2160,71.755,7.436,79.191,0.0,13.362
B3064,40.949,4.445,45.394,0.0,7.354
B2140,39.859,4.281,44.14,0.0,7.023
B3056,40.981,4.45,45.431000000000004,0.0,7.359
B2137,30.843,3.694,34.537,0.0,5.759
B3819,54.515,7.353,61.868,0.0,14.336
B3069,56.781,8.726,65.507,0.0,17.282
B2437,123.957,19.187,143.144,0.0,39.891
B2156,84.692,0.0,84.692,0.0,8.271
B2155,40.347,4.279,44.626000000000005,0.0,7.06
B4152,102.789,1.82,104.609,0.0,18.525
B4159,14.998,2.204,17.201999999999998,0.0,3.864
B3627,212.195,22.369,234.564,0.0,45.514
B3801,102.781,11.619,114.4,0.0,22.222
B1049,85.174,9.608,94.78200000000001,0.0,16.999
B3802,73.324,8.873,82.197,0.0,15.365
B3803,73.604,8.868,82.472,0.0,15.361
B3805,87.975,9.875,97.85,0.0,17.655
B2166,237.632,28.756,266.38800000000003,0.0,57.801
B3799,36.228,7.402,43.63,0.0,13.618
B3796,101.406,14.328,115.73400000000001,0.0,27.693
B1053,677.558,36.474,714.032,0.0,111.134
B2416,187.186,50.29,237.476,0.0,19.896
B3032,14.341,1.076,15.417,0.0,2.398
B3030,14.776,1.088,15.864,0.0,2.489
B3029,14.476,1.079,15.555000000000001,0.0,2.429
B3028,14.803,1.087,15.89,0.0,2.493
B3040,20.583,1.32,21.903,0.0,3.708
B3039,14.902,1.09,15.991999999999999,0.0,2.51
B3027,14.652,1.086,15.738,0.0,2.468
B3026,14.664,1.085,15.748999999999999,0.0,2.467
B3038,14.344,1.077,15.421,0.0,2.4
B3047,14.596,1.08,15.676,0.0,2.45
B3037,14.922,1.093,16.015,0.0,2.517
B3046,13.764,1.072,14.835999999999999,0.0,2.407
B3036,15.018,1.116,16.134,0.0,2.609
B3035,15.003,1.138,16.141,0.0,2.6
B3045,15.495,1.233,16.727999999999998,0.0,2.663
B3044,16.157,1.256,17.413,0.0,2.728
B2280,83.422,12.189,95.61099999999999,0.0,24.791
B2278,135.363,23.859,159.222,0.0,49.802
B2277,83.663,12.19,95.853,0.0,24.795
B2149,66.019,0.663,66.682,0.0,20.129
B3023,22.142,1.532,23.674,0.0,4.356
B3043,14.932,1.107,16.039,0.0,2.578
B3022,15.266,1.131,16.397,0.0,2.633
B3041,14.777,1.087,15.863999999999999,0.0,2.48
B3020,13.714,1.071,14.785,0.0,2.408
B3019,14.888,1.09,15.978,0.0,2.512
B3015,15.082,1.098,16.18,0.0,2.561
B3014,14.72,1.905,16.625,0.0,2.517
B3048,16.435,1.256,17.691,0.0,2.773
B3042,14.719,1.087,15.806,0.0,2.47
B3031,14.477,1.077,15.554,0.0,2.425
B4090,648.801,11.488,660.289,0.0,122.418
B2138,285.566,5.019,290.585,0.0,87.905
B3822,310.084,5.016,315.1,0.0,87.792
B3820,315.009,7.69,322.699,0.0,73.347
B3821,314.219,7.669,321.888,0.0,73.101
B2145,66.44,8.629,75.069,0.0,15.799
B1161,333.123,7.936,341.05899999999997,0.0,73.121
B1159,53.157,5.726,58.882999999999996,0.0,9.656
B3843,40.864,4.951,45.815,0.0,8.245
B3842,53.321,5.579,58.9,0.0,9.683
B2154,55.23,6.764,61.994,0.0,11.964
B3066,42.7,4.793,47.493,0.0,7.813
B3657,27.165,3.681,30.846,0.0,5.754
B3656,30.93,3.701,34.631,0.0,5.763
B3655,31.28,3.708,34.988,0.0,5.87
B2167,48.294,4.98,53.274,0.0,8.308
B2147,31.264,3.709,34.973,0.0,5.867
B2168,47.594,5.344,52.938,0.0,9.08
B2169,31.902,3.373,35.275,0.0,5.153
B2148,31.798,3.368,35.166,0.0,5.123
B2143,40.329,4.708,45.037,0.0,8.121
B2141,40.408,4.96,45.368,0.0,8.186
B2282,83.212,12.183,95.39500000000001,0.0,24.695
B4227,183.762,24.771,208.53300000000002,0.0,49.197
B2281,135.016,23.699,158.715,0.0,49.573
B3839,44.863,4.883,49.746,0.0,8.314
B3061,57.103,5.531,62.634,0.0,9.529
B3062,61.647,6.268,67.91499999999999,0.0,11.015
B3838,62.257,6.437,68.694,0.0,11.142
B3057,50.296,5.33,55.626,0.0,9.039
B3840,50.116,5.327,55.443,0.0,9.002
B2418,85.649,5.331,90.98,0.0,12.907
B2712,242.001,72.992,314.993,0.0,30.077
B3806,83.496,7.866,91.362,0.0,14.763
B3050,15.451,1.369,16.82,0.0,1.778
B3018,14.605,1.082,15.687000000000001,0.0,2.447
B3017,14.612,1.082,15.694,0.0,2.444
B3220,21.4,1.312,22.712,0.0,4.262
B3215,47.992,6.898,54.89,0.0,11.547
B2224,14.823,1.086,15.909,0.0,2.491
B3814,70.684,8.592,79.276,0.0,15.769
B3815,60.809,7.522,68.331,0.0,13.446
B3816,61.231,7.685,68.916,0.0,13.53
B3817,62.119,7.695,69.814,0.0,13.716
B3642,160.62,15.006,175.626,0.0,29.077
B3782,13.239,1.239,14.478000000000002,0.0,2.054
B2237,13.247,1.237,14.484,0.0,2.054
B3783,13.278,1.244,14.522,0.0,2.067
B2243,16.895,1.351,18.246,0.0,2.483
B4211,5.454,2.372,7.826,0.0,2.72
B4210,16.279,1.755,18.034,0.0,11.853
B3214,55.783,7.786,63.569,0.0,13.299
B3788,149.84,4.996,154.836,0.0,40.211
B3781,13.193,1.237,14.43,0.0,2.053
B2233,13.202,1.234,14.436,0.0,2.055
B3784,13.421,1.257,14.677999999999999,0.0,2.092
B2228,13.438,1.259,14.697000000000001,0.0,2.094
B3216,74.747,9.099,83.846,0.0,16.204
B2240,51.663,8.377,60.04,0.0,16.322
B3787,75.899,2.704,78.603,0.0,21.218
B2235,69.906,8.214,78.12,0.0,14.368
B2151,18.641,0.386,19.026999999999997,0.0,3.922
B4213,0.0,0.0,0.0,0.0,2.52
B3792,18.856,2.017,20.873,0.0,2.381
B2153,48.822,0.751,49.573,0.0,13.806
B2164,183.057,4.637,187.694,0.0,54.36
B3224,104.697,1.02,105.717,0.0,29.109
B3794,66.6,6.593,73.193,0.0,11.584
B3793,67.948,7.27,75.21799999999999,0.0,13.005
B4209,170.989,11.038,182.02700000000002,0.0,125.31
B3795,62.433,6.88,69.313,0.0,12.121
B2218,70.979,7.72,78.699,0.0,13.779
B2211,71.194,7.71,78.904,0.0,13.792
B3885,34.315,6.281,40.596,0.0,12.318
B2633,197.955,4.865,202.82000000000002,0.0,43.539
B2639,205.747,25.359,231.10600000000002,0.0,50.729
B1155,70.732,7.724,78.456,0.0,14.118
B2631,514.344,9.144,523.488,0.0,95.603
B1154,123.998,18.939,142.937,0.0,39.185
B1890,43.552,4.394,47.946,0.0,7.33
B1152,58.208,5.81,64.018,0.0,10.145
B3893,87.381,9.779,97.16,0.0,18.522
B3894,161.887,17.115,179.002,0.0,33.752
B1194,121.779,13.884,135.663,0.0,26.734
B1190,195.024,22.13,217.154,0.0,44.004
B3896,105.807,10.841,116.648,0.0,20.554
B2654,56.77,3.504,60.274,0.0,8.355
B1197,293.216,33.242,326.458,0.0,68.166
B2598,60.336,6.505,66.841,0.0,11.693
B2594,49.126,5.079,54.205,0.0,8.668
B1198,30.075,3.113,33.188,0.0,4.837
B3889,40.536,5.329,45.865,0.0,9.375
B1192,50.908,5.858,56.766,0.0,10.502
B2652,172.695,43.231,215.926,0.0,17.302
B2653,386.226,19.056,405.282,0.0,58.288
B3954,11.835,1.045,12.88,0.0,1.853
B3955,9.364,1.025,10.389000000000001,0.0,1.846
B3947,11.8,1.044,12.844000000000001,0.0,1.842
B3948,9.281,1.022,10.303,0.0,1.837
B3949,9.281,1.022,10.303,0.0,1.837
B2649,28.703,3.479,32.182,0.0,5.614
B3959,9.845,1.058,10.903,0.0,2.054
B3952,11.739,1.041,12.780000000000001,0.0,1.834
B3958,10.616,1.069,11.684999999999999,0.0,2.06
B3953,9.316,1.021,10.337,0.0,1.831
B3950,11.881,1.047,12.928,0.0,1.859
B3622,53.777,0.0,53.777,0.0,4.117
B3951,9.361,1.024,10.385000000000002,0.0,1.856
B1137,11.807,1.046,12.853,0.0,1.835
B1136,11.891,1.048,12.939,0.0,1.862
B1139,11.894,1.051,12.945,0.0,1.854
B1138,11.784,1.045,12.829,0.0,1.839
B3956,11.775,1.04,12.815000000000001,0.0,1.839
B3957,9.323,1.02,10.343,0.0,1.835
B3944,11.724,1.038,12.762,0.0,1.824
B3945,9.23,1.017,10.247,0.0,1.821
B3946,9.237,1.017,10.254,0.0,1.823
B1141,11.824,1.047,12.871,0.0,1.839
B1140,11.723,1.041,12.764000000000001,0.0,1.825
B4013,34.491,4.031,38.522,0.0,6.688
B4002,27.735,3.126,30.861,0.0,4.86
B4003,35.512,4.21,39.722,0.0,6.911
B1128,37.475,4.589,42.064,0.0,7.566
B1124,35.507,4.21,39.717,0.0,6.908
B3314,33.934,4.028,37.961999999999996,0.0,6.538
B3999,35.844,4.246,40.09,0.0,6.997
B1129,33.809,4.027,37.836,0.0,6.525
B1125,35.853,4.248,40.101,0.0,6.993
B1132,34.221,4.2,38.421,0.0,6.6
B4007,34.035,4.277,38.312,0.0,6.563
B1199,11.204,0.771,11.975000000000001,0.0,2.41
B3914,11.262,0.772,12.034,0.0,2.41
B2592,79.803,10.314,90.11699999999999,0.0,20.899
B1200,39.546,4.194,43.74,0.0,6.933
B1201,39.298,4.244,43.542,0.0,6.896
B1807,278.298,31.158,309.456,0.0,63.404
B1797,66.989,6.898,73.887,0.0,12.503
B4015,34.042,4.026,38.068,0.0,6.576
B4014,34.122,4.027,38.149,0.0,6.598
B1130,33.87,4.029,37.899,0.0,6.52
B1134,29.496,4.014,33.51,0.0,6.44
B1156,19.495,2.512,22.007,0.0,3.627
B3963,45.082,1.499,46.581,0.0,7.792
B4012,34.06,4.363,38.423,0.0,6.53
B2574,42.629,5.326,47.955,0.0,8.356
B1131,34.088,4.366,38.454,0.0,6.526
B4004,29.509,4.174,33.683,0.0,6.433
B3998,35.138,4.239,39.376999999999995,0.0,6.752
B4006,30.695,4.263,34.958,0.0,6.504
B4005,43.156,5.317,48.473,0.0,8.547
B1133,27.718,3.73,31.448,0.0,5.459
B2488,32.92,4.064,36.984,0.0,6.328
B4008,32.425,4.051,36.476,0.0,6.216
B2484,33.08,4.239,37.318999999999996,0.0,6.335
B4009,32.446,4.221,36.667,0.0,6.199
B2490,32.633,4.419,37.052,0.0,6.206
B2486,15.034,1.121,16.155,0.0,2.513
B3964,18.8,2.158,20.958000000000002,0.0,2.989
B4011,32.356,4.121,36.477000000000004,0.0,6.181
B1127,32.656,4.133,36.789,0.0,6.237
B4010,32.764,4.423,37.187000000000005,0.0,6.234
B4195,13.964,1.642,15.606,0.0,2.115
B2429,200.37,19.178,219.548,0.0,37.94
B1513,36.219,4.38,40.599000000000004,0.0,8.364
B2865,12.88,1.014,13.894,0.0,2.201
B2860,18.481,1.25,19.731,0.0,2.787
B1026,36.333,3.846,40.179,0.0,6.682
B1512,39.604,4.067,43.671,0.0,7.003
B1439,18.532,1.126,19.658,0.0,2.61
B2863,20.466,1.401,21.867,0.0,3.318
B1440,39.135,2.253,41.388,0.0,6.805
B1510,36.579,4.01,40.589,0.0,6.751
B1514,36.276,3.745,40.021,0.0,6.323
B1441,30.799,3.415,34.214,0.0,5.628
B2373,78.917,8.83,87.747,0.0,16.089
B2876,12.071,0.953,13.024,0.0,1.945
B2877,8.732,0.911,9.642999999999999,0.0,1.85
B2878,11.441,0.929,12.370000000000001,0.0,1.811
B2879,11.698,0.939,12.637,0.0,1.87
B1430,12.077,0.954,13.031,0.0,1.94
B1436,12.931,0.999,13.93,0.0,2.084
B2862,12.865,0.998,13.863,0.0,2.067
B1438,18.667,1.2,19.867,0.0,2.809
B1515,58.225,7.304,65.529,0.0,13.215
B1435,13.415,1.052,14.466999999999999,0.0,2.248
B2861,15.383,1.114,16.497,0.0,2.531
B1437,20.263,1.284,21.547,0.0,3.091
B1503,51.356,6.417,57.773,0.0,11.366
B3943,38.908,5.651,44.559,0.0,10.016
B2885,29.435,3.527,32.961999999999996,0.0,5.958
B2880,12.062,0.952,13.014,0.0,1.944
B2881,8.694,0.908,9.602,0.0,1.841
B2882,11.552,0.935,12.487,0.0,1.841
B2883,11.716,0.936,12.652,0.0,1.865
B1429,48.444,5.917,54.361000000000004,0.0,10.447
B2884,12.046,0.953,12.998999999999999,0.0,1.931
B4040,27.095,3.943,31.038,0.0,6.464
B1432,29.659,3.749,33.408,0.0,6.325
B4041,53.507,6.764,60.271,0.0,12.318
B2896,24.982,3.737,28.719,0.0,6.132
B1553,171.086,16.038,187.12400000000002,0.0,31.905
B1505,108.033,16.46,124.493,0.0,31.832
B2762,24.939,3.436,28.375,0.0,5.533
B4018,47.243,7.107,54.35,0.0,12.943
B2761,46.098,5.222,51.32,0.0,9.033
B2670,16.94,1.283,18.223000000000003,0.0,2.905
B4017,182.807,30.719,213.52599999999998,0.0,61.834
B1434,23.434,1.311,24.745,0.0,3.387
B2870,17.493,1.273,18.766,0.0,3.079
B2527,19.967,2.447,22.413999999999998,0.0,3.703
B1504,13.25,1.011,14.261,0.0,2.169
B2886,29.484,3.528,33.012,0.0,5.97
B1449,15.277,1.028,16.305,0.0,2.085
B1533,13.38,1.014,14.394,0.0,2.2
B2887,20.022,2.45,22.471999999999998,0.0,3.721
B2872,10.358,0.981,11.339,0.0,2.126
B2871,12.831,0.997,13.828,0.0,2.061
B1530,18.308,1.205,19.512999999999998,0.0,2.686
B1445,15.826,1.019,16.845,0.0,2.17
B1532,16.264,1.057,17.320999999999998,0.0,2.395
B1531,14.599,1.022,15.621,0.0,2.063
B1446,27.196,1.555,28.751,0.0,4.32
B4020,37.758,6.29,44.048,0.0,11.563
B4043,53.22,6.759,59.979,0.0,12.235
B2895,26.613,3.74,30.353,0.0,6.171
B4042,31.762,4.024,35.786,0.0,6.417
B2894,38.77,4.421,43.191,0.0,7.562
B2888,67.709,7.486,75.19500000000001,0.0,13.688
B2889,45.092,5.693,50.785,0.0,10.033
B2890,46.157,5.874,52.031,0.0,10.409
B1448,34.2,5.514,39.714000000000006,0.0,10.621
B1428,53.651,5.878,59.529,0.0,10.521
B1427,44.09,5.086,49.176,0.0,9.715
B1447,48.021,5.3,53.321,0.0,8.909
B1529,42.944,6.335,49.279,0.0,11.623
B1418,16.54,1.213,17.753,0.0,2.694
B1417,16.617,1.24,17.857,0.0,2.708
B1416,17.202,1.26,18.462000000000003,0.0,2.837
B1528,14.774,1.039,15.812999999999999,0.0,1.977
B1534,29.71,3.035,32.745000000000005,0.0,4.77
B1527,27.653,3.2,30.852999999999998,0.0,4.889
B2672,14.946,1.271,16.217,0.0,3.135
B4022,37.141,6.98,44.120999999999995,0.0,12.818
B4019,49.804,7.426,57.230000000000004,0.0,13.674
B4021,42.187,6.337,48.524,0.0,11.381
B1536,15.488,1.114,16.602,0.0,2.464
B1535,18.879,1.253,20.132,0.0,2.802
B1537,495.959,9.869,505.828,0.0,102.969
B1557,91.065,15.727,106.792,0.0,32.367
B3637,49.512,7.499,57.011,0.0,14.939
B3638,46.61,8.352,54.962,0.0,16.726
B3904,120.244,3.688,123.932,0.0,29.286
B1556,13.945,1.174,15.119,0.0,1.847
B3677,73.205,2.233,75.438,0.0,14.533
B1228,201.156,4.167,205.323,0.0,42.708
B3972,38.153,5.991,44.144,0.0,11.428
B3973,30.786,5.991,36.777,0.0,11.401
B3604,42.738,5.836,48.574,0.0,11.219
B3971,38.458,5.992,44.449999999999996,0.0,11.45
B3970,30.906,5.992,36.897999999999996,0.0,11.424
B3603,53.691,6.769,60.46,0.0,13.301
B2492,65.936,10.518,76.45400000000001,0.0,21.204
B2493,66.841,10.67,77.511,0.0,21.463
B2491,66.001,10.515,76.516,0.0,21.079
B1225,66.603,10.506,77.109,0.0,21.186
B1233,95.448,14.126,109.574,0.0,28.923
B3968,38.437,5.992,44.428999999999995,0.0,11.415
B3974,48.722,6.811,55.533,0.0,13.274
B3975,41.861,6.811,48.672,0.0,13.245
B3976,41.831,6.811,48.642,0.0,13.236
B3977,42.001,6.811,48.812,0.0,13.237
B3969,30.945,5.992,36.937,0.0,11.393
B1224,53.682,6.769,60.451,0.0,13.301
B3605,55.697,7.107,62.804,0.0,14.048
B1232,140.732,13.215,153.947,0.0,24.199
B1223,277.894,5.743,283.637,0.0,51.702
B1796,357.829,10.946,368.77500000000003,0.0,98.534
B1791,94.74,2.662,97.402,0.0,27.048
B3067,15.993,0.358,16.351,0.0,4.844
B1792,25.382,0.512,25.894000000000002,0.0,5.533
B2436,109.583,10.51,120.093,0.0,20.148
B3051,19.612,6.346,25.958,0.0,4.178
B3054,31.518,4.099,35.617000000000004,0.0,6.461
B2426,46.669,5.151,51.81999999999999,0.0,8.741
B1793,113.621,2.773,116.39399999999999,0.0,30.715
B3065,77.386,0.88,78.26599999999999,0.0,19.439
B2421,46.336,5.42,51.756,0.0,8.992
B1795,33.713,5.031,38.744,0.0,8.782
B3211,26.41,1.213,27.623,0.0,6.67
B1877,27.198,1.918,29.116,0.0,5.936
B3213,46.708,1.697,48.405,0.0,12.562
B3212,44.33,1.458,45.788,0.0,10.514
B1878,24.886,1.187,26.073,0.0,6.417
B1431,33.797,3.452,37.248999999999995,0.0,5.633
B1420,16.768,1.245,18.013,0.0,2.736
B2464,16.822,1.271,18.093,0.0,2.787
B2650,73.375,9.282,82.657,0.0,18.678
B1407,16.711,1.244,17.955,0.0,2.722
B2465,16.3,1.271,17.571,0.0,2.808
B2751,37.365,4.266,41.631,0.0,7.183
B1414,37.062,4.157,41.218999999999994,0.0,7.077
B1412,181.198,22.299,203.497,0.0,44.614
B1411,33.324,3.43,36.754,0.0,5.595
B2764,35.081,3.604,38.685,0.0,6.019
B1410,26.668,3.063,29.730999999999998,0.0,4.74
B2765,34.658,3.61,38.268,0.0,5.997
B2766,29.539,3.587,33.126000000000005,0.0,5.922
B1415,33.11,3.768,36.878,0.0,6.205
B1500,0.0,0.0,0.0,0.0,1.678
B1408,27.06,3.304,30.363999999999997,0.0,5.277
B2752,40.063,4.645,44.708,0.0,7.85
B1406,28.473,3.488,31.961,0.0,5.612
B1499,479.284,11.984,491.268,0.0,121.023
B1425,61.654,9.527,71.181,0.0,17.064
